item_code,item_name,whs_code,doc_date,quantity
ITM001,Filtro de aceite,WHS01,2023-11-20,1.5
ITM002,Pastilla de freno,WHS01,2023-11-20,13.5
ITM002,Pastilla de freno,WHS02,2023-11-20,10.5
ITM003,Bujía,WHS01,2023-11-20,13.5
ITM003,Bujía,WHS02,2023-11-20,6.0
ITM004,Amortiguador,WHS01,2023-11-20,9.0
ITM004,Amortiguador,WHS02,2023-11-20,12.0
ITM005,Kit de embrague,WHS01,2023-11-20,7.5
ITM005,Kit de embrague,WHS02,2023-11-20,4.5
ITM001,Filtro de aceite,WHS01,2023-11-21,4.5
ITM002,Pastilla de freno,WHS01,2023-11-21,12.0
ITM002,Pastilla de freno,WHS02,2023-11-21,9.0
ITM003,Bujía,WHS01,2023-11-21,10.5
ITM003,Bujía,WHS02,2023-11-21,10.5
ITM004,Amortiguador,WHS02,2023-11-21,12.0
ITM005,Kit de embrague,WHS01,2023-11-21,7.5
ITM001,Filtro de aceite,WHS01,2023-11-22,1.5
ITM004,Amortiguador,WHS01,2023-11-22,9.0
ITM004,Amortiguador,WHS02,2023-11-22,10.5
ITM001,Filtro de aceite,WHS01,2023-11-23,4.5
ITM001,Filtro de aceite,WHS02,2023-11-23,4.5
ITM002,Pastilla de freno,WHS01,2023-11-23,13.5
ITM003,Bujía,WHS01,2023-11-23,6.0
ITM003,Bujía,WHS02,2023-11-23,7.5
ITM004,Amortiguador,WHS01,2023-11-23,10.5
ITM004,Amortiguador,WHS02,2023-11-23,9.0
ITM005,Kit de embrague,WHS01,2023-11-23,4.5
ITM005,Kit de embrague,WHS02,2023-11-23,13.5
ITM001,Filtro de aceite,WHS01,2023-11-24,6.0
ITM001,Filtro de aceite,WHS02,2023-11-24,3.0
ITM002,Pastilla de freno,WHS02,2023-11-24,3.0
ITM003,Bujía,WHS02,2023-11-24,10.5
ITM004,Amortiguador,WHS01,2023-11-24,6.0
ITM004,Amortiguador,WHS02,2023-11-24,4.5
ITM005,Kit de embrague,WHS02,2023-11-24,7.5
ITM001,Filtro de aceite,WHS02,2023-11-27,1.5
ITM002,Pastilla de freno,WHS01,2023-11-27,6.0
ITM002,Pastilla de freno,WHS02,2023-11-27,12.0
ITM003,Bujía,WHS02,2023-11-27,7.5
ITM005,Kit de embrague,WHS01,2023-11-27,9.0
ITM001,Filtro de aceite,WHS01,2023-11-28,13.5
ITM002,Pastilla de freno,WHS01,2023-11-28,13.5
ITM002,Pastilla de freno,WHS02,2023-11-28,1.5
ITM003,Bujía,WHS01,2023-11-28,3.0
ITM003,Bujía,WHS02,2023-11-28,12.0
ITM004,Amortiguador,WHS01,2023-11-28,10.5
ITM004,Amortiguador,WHS02,2023-11-28,1.5
ITM005,Kit de embrague,WHS01,2023-11-28,4.5
ITM002,Pastilla de freno,WHS01,2023-11-29,9.0
ITM003,Bujía,WHS02,2023-11-29,1.5
ITM004,Amortiguador,WHS01,2023-11-29,4.5
ITM004,Amortiguador,WHS02,2023-11-29,4.5
ITM005,Kit de embrague,WHS02,2023-11-29,3.0
ITM001,Filtro de aceite,WHS01,2023-11-30,7.5
ITM001,Filtro de aceite,WHS02,2023-11-30,3.0
ITM002,Pastilla de freno,WHS02,2023-11-30,4.5
ITM003,Bujía,WHS01,2023-11-30,4.5
ITM004,Amortiguador,WHS01,2023-11-30,1.5
ITM004,Amortiguador,WHS02,2023-11-30,9.0
ITM005,Kit de embrague,WHS01,2023-11-30,3.0
ITM001,Filtro de aceite,WHS01,2023-12-01,18.0
ITM001,Filtro de aceite,WHS02,2023-12-01,10.0
ITM002,Pastilla de freno,WHS01,2023-12-01,4.0
ITM002,Pastilla de freno,WHS02,2023-12-01,8.0
ITM004,Amortiguador,WHS02,2023-12-01,2.0
ITM005,Kit de embrague,WHS01,2023-12-01,6.0
ITM005,Kit de embrague,WHS02,2023-12-01,10.0
ITM001,Filtro de aceite,WHS01,2023-12-04,8.0
ITM001,Filtro de aceite,WHS02,2023-12-04,10.0
ITM002,Pastilla de freno,WHS01,2023-12-04,12.0
ITM002,Pastilla de freno,WHS02,2023-12-04,6.0
ITM003,Bujía,WHS01,2023-12-04,12.0
ITM003,Bujía,WHS02,2023-12-04,12.0
ITM004,Amortiguador,WHS01,2023-12-04,8.0
ITM004,Amortiguador,WHS02,2023-12-04,10.0
ITM005,Kit de embrague,WHS01,2023-12-04,18.0
ITM005,Kit de embrague,WHS02,2023-12-04,10.0
ITM001,Filtro de aceite,WHS01,2023-12-05,10.0
ITM001,Filtro de aceite,WHS02,2023-12-05,2.0
ITM002,Pastilla de freno,WHS01,2023-12-05,2.0
ITM002,Pastilla de freno,WHS02,2023-12-05,10.0
ITM003,Bujía,WHS01,2023-12-05,2.0
ITM003,Bujía,WHS02,2023-12-05,6.0
ITM005,Kit de embrague,WHS01,2023-12-05,2.0
ITM005,Kit de embrague,WHS02,2023-12-05,10.0
ITM001,Filtro de aceite,WHS02,2023-12-06,10.0
ITM002,Pastilla de freno,WHS01,2023-12-06,18.0
ITM002,Pastilla de freno,WHS02,2023-12-06,8.0
ITM004,Amortiguador,WHS01,2023-12-06,10.0
ITM004,Amortiguador,WHS02,2023-12-06,8.0
ITM005,Kit de embrague,WHS01,2023-12-06,2.0
ITM005,Kit de embrague,WHS02,2023-12-06,16.0
ITM001,Filtro de aceite,WHS01,2023-12-07,16.0
ITM001,Filtro de aceite,WHS02,2023-12-07,6.0
ITM002,Pastilla de freno,WHS01,2023-12-07,4.0
ITM002,Pastilla de freno,WHS02,2023-12-07,18.0
ITM003,Bujía,WHS01,2023-12-07,6.0
ITM003,Bujía,WHS02,2023-12-07,4.0
ITM004,Amortiguador,WHS01,2023-12-07,14.0
ITM005,Kit de embrague,WHS01,2023-12-07,14.0
ITM001,Filtro de aceite,WHS01,2023-12-08,2.0
ITM001,Filtro de aceite,WHS02,2023-12-08,8.0
ITM003,Bujía,WHS01,2023-12-08,14.0
ITM004,Amortiguador,WHS02,2023-12-08,6.0
ITM005,Kit de embrague,WHS01,2023-12-08,10.0
ITM005,Kit de embrague,WHS02,2023-12-08,12.0
ITM001,Filtro de aceite,WHS01,2023-12-11,8.0
ITM001,Filtro de aceite,WHS02,2023-12-11,10.0
ITM002,Pastilla de freno,WHS01,2023-12-11,10.0
ITM003,Bujía,WHS01,2023-12-11,2.0
ITM003,Bujía,WHS02,2023-12-11,12.0
ITM004,Amortiguador,WHS01,2023-12-11,14.0
ITM005,Kit de embrague,WHS01,2023-12-11,12.0
ITM005,Kit de embrague,WHS02,2023-12-11,4.0
ITM001,Filtro de aceite,WHS01,2023-12-12,10.0
ITM001,Filtro de aceite,WHS02,2023-12-12,14.0
ITM002,Pastilla de freno,WHS01,2023-12-12,12.0
ITM003,Bujía,WHS01,2023-12-12,6.0
ITM005,Kit de embrague,WHS02,2023-12-12,6.0
ITM001,Filtro de aceite,WHS02,2023-12-13,4.0
ITM002,Pastilla de freno,WHS01,2023-12-13,16.0
ITM002,Pastilla de freno,WHS02,2023-12-13,14.0
ITM003,Bujía,WHS01,2023-12-13,14.0
ITM003,Bujía,WHS02,2023-12-13,6.0
ITM004,Amortiguador,WHS02,2023-12-13,6.0
ITM001,Filtro de aceite,WHS02,2023-12-14,2.0
ITM002,Pastilla de freno,WHS01,2023-12-14,10.0
ITM003,Bujía,WHS02,2023-12-14,12.0
ITM005,Kit de embrague,WHS01,2023-12-14,6.0
ITM005,Kit de embrague,WHS02,2023-12-14,2.0
ITM001,Filtro de aceite,WHS01,2023-12-15,18.0
ITM001,Filtro de aceite,WHS02,2023-12-15,4.0
ITM002,Pastilla de freno,WHS01,2023-12-15,4.0
ITM002,Pastilla de freno,WHS02,2023-12-15,4.0
ITM003,Bujía,WHS02,2023-12-15,16.0
ITM004,Amortiguador,WHS01,2023-12-15,18.0
ITM004,Amortiguador,WHS02,2023-12-15,8.0
ITM005,Kit de embrague,WHS01,2023-12-15,12.0
ITM001,Filtro de aceite,WHS01,2023-12-18,14.0
ITM001,Filtro de aceite,WHS02,2023-12-18,16.0
ITM002,Pastilla de freno,WHS01,2023-12-18,12.0
ITM003,Bujía,WHS01,2023-12-18,14.0
ITM003,Bujía,WHS02,2023-12-18,16.0
ITM004,Amortiguador,WHS01,2023-12-18,8.0
ITM004,Amortiguador,WHS02,2023-12-18,12.0
ITM005,Kit de embrague,WHS01,2023-12-18,2.0
ITM005,Kit de embrague,WHS02,2023-12-18,12.0
ITM001,Filtro de aceite,WHS01,2023-12-19,14.0
ITM001,Filtro de aceite,WHS02,2023-12-19,4.0
ITM003,Bujía,WHS01,2023-12-19,18.0
ITM004,Amortiguador,WHS01,2023-12-19,12.0
ITM004,Amortiguador,WHS02,2023-12-19,18.0
ITM005,Kit de embrague,WHS02,2023-12-19,8.0
ITM001,Filtro de aceite,WHS01,2023-12-20,10.0
ITM002,Pastilla de freno,WHS01,2023-12-20,4.0
ITM002,Pastilla de freno,WHS02,2023-12-20,18.0
ITM003,Bujía,WHS02,2023-12-20,6.0
ITM004,Amortiguador,WHS01,2023-12-20,12.0
ITM004,Amortiguador,WHS02,2023-12-20,10.0
ITM005,Kit de embrague,WHS01,2023-12-20,6.0
ITM005,Kit de embrague,WHS02,2023-12-20,12.0
ITM001,Filtro de aceite,WHS01,2023-12-21,6.0
ITM001,Filtro de aceite,WHS02,2023-12-21,18.0
ITM002,Pastilla de freno,WHS02,2023-12-21,16.0
ITM003,Bujía,WHS01,2023-12-21,10.0
ITM003,Bujía,WHS02,2023-12-21,14.0
ITM004,Amortiguador,WHS02,2023-12-21,2.0
ITM005,Kit de embrague,WHS01,2023-12-21,2.0
ITM005,Kit de embrague,WHS02,2023-12-21,2.0
ITM002,Pastilla de freno,WHS02,2023-12-22,8.0
ITM003,Bujía,WHS01,2023-12-22,8.0
ITM004,Amortiguador,WHS02,2023-12-22,6.0
ITM001,Filtro de aceite,WHS01,2023-12-25,18.0
ITM001,Filtro de aceite,WHS02,2023-12-25,2.0
ITM002,Pastilla de freno,WHS01,2023-12-25,6.0
ITM002,Pastilla de freno,WHS02,2023-12-25,6.0
ITM003,Bujía,WHS01,2023-12-25,16.0
ITM005,Kit de embrague,WHS01,2023-12-25,8.0
ITM005,Kit de embrague,WHS02,2023-12-25,10.0
ITM001,Filtro de aceite,WHS01,2023-12-26,10.0
ITM002,Pastilla de freno,WHS01,2023-12-26,10.0
ITM002,Pastilla de freno,WHS02,2023-12-26,18.0
ITM003,Bujía,WHS01,2023-12-26,6.0
ITM004,Amortiguador,WHS01,2023-12-26,14.0
ITM004,Amortiguador,WHS02,2023-12-26,8.0
ITM005,Kit de embrague,WHS01,2023-12-26,12.0
ITM005,Kit de embrague,WHS02,2023-12-26,10.0
ITM002,Pastilla de freno,WHS01,2023-12-27,14.0
ITM002,Pastilla de freno,WHS02,2023-12-27,6.0
ITM003,Bujía,WHS02,2023-12-27,12.0
ITM004,Amortiguador,WHS01,2023-12-27,14.0
ITM004,Amortiguador,WHS02,2023-12-27,4.0
ITM005,Kit de embrague,WHS01,2023-12-27,4.0
ITM005,Kit de embrague,WHS02,2023-12-27,2.0
ITM001,Filtro de aceite,WHS01,2023-12-28,14.0
ITM002,Pastilla de freno,WHS01,2023-12-28,10.0
ITM002,Pastilla de freno,WHS02,2023-12-28,2.0
ITM003,Bujía,WHS01,2023-12-28,6.0
ITM004,Amortiguador,WHS02,2023-12-28,8.0
ITM005,Kit de embrague,WHS01,2023-12-28,4.0
ITM001,Filtro de aceite,WHS02,2023-12-29,4.0
ITM002,Pastilla de freno,WHS01,2023-12-29,10.0
ITM002,Pastilla de freno,WHS02,2023-12-29,18.0
ITM003,Bujía,WHS02,2023-12-29,14.0
ITM004,Amortiguador,WHS01,2023-12-29,16.0
ITM004,Amortiguador,WHS02,2023-12-29,14.0
ITM001,Filtro de aceite,WHS02,2024-01-01,15.0
ITM002,Pastilla de freno,WHS01,2024-01-01,20.0
ITM002,Pastilla de freno,WHS02,2024-01-01,20.0
ITM003,Bujía,WHS01,2024-01-01,22.5
ITM004,Amortiguador,WHS01,2024-01-01,17.5
ITM001,Filtro de aceite,WHS01,2024-01-02,20.0
ITM001,Filtro de aceite,WHS02,2024-01-02,22.5
ITM002,Pastilla de freno,WHS02,2024-01-02,7.5
ITM003,Bujía,WHS02,2024-01-02,2.5
ITM004,Amortiguador,WHS01,2024-01-02,10.0
ITM005,Kit de embrague,WHS01,2024-01-02,20.0
ITM005,Kit de embrague,WHS02,2024-01-02,10.0
ITM001,Filtro de aceite,WHS01,2024-01-03,20.0
ITM001,Filtro de aceite,WHS02,2024-01-03,2.5
ITM003,Bujía,WHS01,2024-01-03,10.0
ITM003,Bujía,WHS02,2024-01-03,17.5
ITM004,Amortiguador,WHS02,2024-01-03,12.5
ITM001,Filtro de aceite,WHS01,2024-01-04,5.0
ITM001,Filtro de aceite,WHS02,2024-01-04,17.5
ITM002,Pastilla de freno,WHS01,2024-01-04,10.0
ITM002,Pastilla de freno,WHS02,2024-01-04,2.5
ITM003,Bujía,WHS01,2024-01-04,7.5
ITM003,Bujía,WHS02,2024-01-04,10.0
ITM004,Amortiguador,WHS01,2024-01-04,12.5
ITM004,Amortiguador,WHS02,2024-01-04,15.0
ITM001,Filtro de aceite,WHS01,2024-01-05,7.5
ITM001,Filtro de aceite,WHS02,2024-01-05,10.0
ITM002,Pastilla de freno,WHS01,2024-01-05,2.5
ITM002,Pastilla de freno,WHS02,2024-01-05,12.5
ITM003,Bujía,WHS01,2024-01-05,12.5
ITM003,Bujía,WHS02,2024-01-05,20.0
ITM004,Amortiguador,WHS01,2024-01-05,22.5
ITM004,Amortiguador,WHS02,2024-01-05,12.5
ITM005,Kit de embrague,WHS01,2024-01-05,22.5
ITM001,Filtro de aceite,WHS02,2024-01-08,12.5
ITM002,Pastilla de freno,WHS02,2024-01-08,22.5
ITM004,Amortiguador,WHS01,2024-01-08,17.5
ITM004,Amortiguador,WHS02,2024-01-08,7.5
ITM005,Kit de embrague,WHS01,2024-01-08,5.0
ITM005,Kit de embrague,WHS02,2024-01-08,22.5
ITM001,Filtro de aceite,WHS01,2024-01-09,10.0
ITM001,Filtro de aceite,WHS02,2024-01-09,15.0
ITM002,Pastilla de freno,WHS01,2024-01-09,15.0
ITM002,Pastilla de freno,WHS02,2024-01-09,17.5
ITM004,Amortiguador,WHS01,2024-01-09,5.0
ITM004,Amortiguador,WHS02,2024-01-09,10.0
ITM005,Kit de embrague,WHS01,2024-01-09,20.0
ITM005,Kit de embrague,WHS02,2024-01-09,20.0
ITM001,Filtro de aceite,WHS01,2024-01-10,22.5
ITM002,Pastilla de freno,WHS01,2024-01-10,10.0
ITM002,Pastilla de freno,WHS02,2024-01-10,5.0
ITM003,Bujía,WHS01,2024-01-10,5.0
ITM004,Amortiguador,WHS01,2024-01-10,15.0
ITM004,Amortiguador,WHS02,2024-01-10,5.0
ITM005,Kit de embrague,WHS01,2024-01-10,2.5
ITM001,Filtro de aceite,WHS01,2024-01-11,10.0
ITM001,Filtro de aceite,WHS02,2024-01-11,10.0
ITM002,Pastilla de freno,WHS01,2024-01-11,12.5
ITM002,Pastilla de freno,WHS02,2024-01-11,17.5
ITM003,Bujía,WHS01,2024-01-11,15.0
ITM004,Amortiguador,WHS01,2024-01-11,15.0
ITM004,Amortiguador,WHS02,2024-01-11,15.0
ITM001,Filtro de aceite,WHS02,2024-01-12,20.0
ITM003,Bujía,WHS01,2024-01-12,5.0
ITM003,Bujía,WHS02,2024-01-12,15.0
ITM004,Amortiguador,WHS02,2024-01-12,2.5
ITM005,Kit de embrague,WHS01,2024-01-12,17.5
ITM005,Kit de embrague,WHS02,2024-01-12,22.5
ITM001,Filtro de aceite,WHS01,2024-01-15,7.5
ITM001,Filtro de aceite,WHS02,2024-01-15,22.5
ITM002,Pastilla de freno,WHS01,2024-01-15,10.0
ITM002,Pastilla de freno,WHS02,2024-01-15,15.0
ITM003,Bujía,WHS01,2024-01-15,20.0
ITM003,Bujía,WHS02,2024-01-15,15.0
ITM004,Amortiguador,WHS01,2024-01-15,20.0
ITM004,Amortiguador,WHS02,2024-01-15,12.5
ITM005,Kit de embrague,WHS02,2024-01-15,22.5
ITM001,Filtro de aceite,WHS01,2024-01-16,12.5
ITM001,Filtro de aceite,WHS02,2024-01-16,17.5
ITM002,Pastilla de freno,WHS01,2024-01-16,10.0
ITM003,Bujía,WHS01,2024-01-16,5.0
ITM003,Bujía,WHS02,2024-01-16,7.5
ITM004,Amortiguador,WHS01,2024-01-16,12.5
ITM004,Amortiguador,WHS02,2024-01-16,20.0
ITM005,Kit de embrague,WHS01,2024-01-16,20.0
ITM005,Kit de embrague,WHS02,2024-01-16,20.0
ITM001,Filtro de aceite,WHS01,2024-01-17,22.5
ITM001,Filtro de aceite,WHS02,2024-01-17,7.5
ITM002,Pastilla de freno,WHS01,2024-01-17,20.0
ITM004,Amortiguador,WHS02,2024-01-17,20.0
ITM001,Filtro de aceite,WHS01,2024-01-18,5.0
ITM001,Filtro de aceite,WHS02,2024-01-18,17.5
ITM003,Bujía,WHS01,2024-01-18,7.5
ITM003,Bujía,WHS02,2024-01-18,17.5
ITM004,Amortiguador,WHS01,2024-01-18,2.5
ITM005,Kit de embrague,WHS01,2024-01-18,12.5
ITM005,Kit de embrague,WHS02,2024-01-18,17.5
ITM001,Filtro de aceite,WHS02,2024-01-19,10.0
ITM002,Pastilla de freno,WHS01,2024-01-19,10.0
ITM002,Pastilla de freno,WHS02,2024-01-19,10.0
ITM003,Bujía,WHS02,2024-01-19,5.0
ITM004,Amortiguador,WHS01,2024-01-19,5.0
ITM005,Kit de embrague,WHS01,2024-01-19,22.5
ITM005,Kit de embrague,WHS02,2024-01-19,2.5
ITM001,Filtro de aceite,WHS01,2024-01-22,5.0
ITM002,Pastilla de freno,WHS02,2024-01-22,17.5
ITM003,Bujía,WHS01,2024-01-22,12.5
ITM003,Bujía,WHS02,2024-01-22,15.0
ITM004,Amortiguador,WHS02,2024-01-22,5.0
ITM005,Kit de embrague,WHS01,2024-01-22,22.5
ITM001,Filtro de aceite,WHS01,2024-01-23,20.0
ITM001,Filtro de aceite,WHS02,2024-01-23,12.5
ITM002,Pastilla de freno,WHS01,2024-01-23,20.0
ITM002,Pastilla de freno,WHS02,2024-01-23,10.0
ITM003,Bujía,WHS01,2024-01-23,7.5
ITM004,Amortiguador,WHS01,2024-01-23,10.0
ITM004,Amortiguador,WHS02,2024-01-23,5.0
ITM005,Kit de embrague,WHS01,2024-01-23,12.5
ITM005,Kit de embrague,WHS02,2024-01-23,12.5
ITM001,Filtro de aceite,WHS01,2024-01-24,15.0
ITM003,Bujía,WHS01,2024-01-24,10.0
ITM003,Bujía,WHS02,2024-01-24,15.0
ITM004,Amortiguador,WHS01,2024-01-24,7.5
ITM004,Amortiguador,WHS02,2024-01-24,22.5
ITM001,Filtro de aceite,WHS01,2024-01-25,17.5
ITM001,Filtro de aceite,WHS02,2024-01-25,5.0
ITM002,Pastilla de freno,WHS01,2024-01-25,5.0
ITM002,Pastilla de freno,WHS02,2024-01-25,5.0
ITM003,Bujía,WHS01,2024-01-25,5.0
ITM003,Bujía,WHS02,2024-01-25,5.0
ITM004,Amortiguador,WHS01,2024-01-25,17.5
ITM005,Kit de embrague,WHS01,2024-01-25,17.5
ITM005,Kit de embrague,WHS02,2024-01-25,7.5
ITM001,Filtro de aceite,WHS01,2024-01-26,2.5
ITM002,Pastilla de freno,WHS01,2024-01-26,22.5
ITM002,Pastilla de freno,WHS02,2024-01-26,17.5
ITM004,Amortiguador,WHS02,2024-01-26,7.5
ITM005,Kit de embrague,WHS01,2024-01-26,10.0
ITM005,Kit de embrague,WHS02,2024-01-26,2.5
ITM002,Pastilla de freno,WHS01,2024-01-29,17.5
ITM002,Pastilla de freno,WHS02,2024-01-29,12.5
ITM003,Bujía,WHS02,2024-01-29,22.5
ITM004,Amortiguador,WHS01,2024-01-29,7.5
ITM004,Amortiguador,WHS02,2024-01-29,5.0
ITM005,Kit de embrague,WHS01,2024-01-29,5.0
ITM005,Kit de embrague,WHS02,2024-01-29,22.5
ITM001,Filtro de aceite,WHS02,2024-01-30,7.5
ITM002,Pastilla de freno,WHS01,2024-01-30,2.5
ITM002,Pastilla de freno,WHS02,2024-01-30,7.5
ITM003,Bujía,WHS01,2024-01-30,5.0
ITM004,Amortiguador,WHS02,2024-01-30,20.0
ITM005,Kit de embrague,WHS01,2024-01-30,17.5
ITM005,Kit de embrague,WHS02,2024-01-30,22.5
ITM001,Filtro de aceite,WHS01,2024-01-31,15.0
ITM001,Filtro de aceite,WHS02,2024-01-31,5.0
ITM002,Pastilla de freno,WHS01,2024-01-31,22.5
ITM003,Bujía,WHS01,2024-01-31,7.5
ITM003,Bujía,WHS02,2024-01-31,12.5
ITM004,Amortiguador,WHS01,2024-01-31,20.0
ITM004,Amortiguador,WHS02,2024-01-31,15.0
ITM005,Kit de embrague,WHS01,2024-01-31,7.5
ITM001,Filtro de aceite,WHS01,2024-02-01,14.33
ITM001,Filtro de aceite,WHS02,2024-02-01,14.33
ITM002,Pastilla de freno,WHS02,2024-02-01,11.46
ITM003,Bujía,WHS01,2024-02-01,2.87
ITM003,Bujía,WHS02,2024-02-01,20.06
ITM004,Amortiguador,WHS01,2024-02-01,22.93
ITM004,Amortiguador,WHS02,2024-02-01,14.33
ITM005,Kit de embrague,WHS01,2024-02-01,25.79
ITM005,Kit de embrague,WHS02,2024-02-01,2.87
ITM001,Filtro de aceite,WHS01,2024-02-02,22.93
ITM001,Filtro de aceite,WHS02,2024-02-02,25.79
ITM002,Pastilla de freno,WHS01,2024-02-02,25.79
ITM002,Pastilla de freno,WHS02,2024-02-02,11.46
ITM003,Bujía,WHS02,2024-02-02,2.87
ITM004,Amortiguador,WHS02,2024-02-02,2.87
ITM005,Kit de embrague,WHS02,2024-02-02,20.06
ITM001,Filtro de aceite,WHS01,2024-02-05,25.79
ITM001,Filtro de aceite,WHS02,2024-02-05,5.73
ITM003,Bujía,WHS01,2024-02-05,8.6
ITM004,Amortiguador,WHS01,2024-02-05,22.93
ITM004,Amortiguador,WHS02,2024-02-05,2.87
ITM005,Kit de embrague,WHS01,2024-02-05,22.93
ITM005,Kit de embrague,WHS02,2024-02-05,5.73
ITM001,Filtro de aceite,WHS01,2024-02-06,11.46
ITM002,Pastilla de freno,WHS01,2024-02-06,2.87
ITM003,Bujía,WHS01,2024-02-06,14.33
ITM004,Amortiguador,WHS01,2024-02-06,22.93
ITM004,Amortiguador,WHS02,2024-02-06,8.6
ITM005,Kit de embrague,WHS01,2024-02-06,5.73
ITM005,Kit de embrague,WHS02,2024-02-06,8.6
ITM001,Filtro de aceite,WHS02,2024-02-07,11.46
ITM002,Pastilla de freno,WHS01,2024-02-07,8.6
ITM003,Bujía,WHS01,2024-02-07,20.06
ITM004,Amortiguador,WHS02,2024-02-07,8.6
ITM005,Kit de embrague,WHS01,2024-02-07,11.46
ITM005,Kit de embrague,WHS02,2024-02-07,8.6
ITM002,Pastilla de freno,WHS02,2024-02-08,22.93
ITM003,Bujía,WHS02,2024-02-08,8.6
ITM004,Amortiguador,WHS02,2024-02-08,2.87
ITM005,Kit de embrague,WHS01,2024-02-08,17.2
ITM001,Filtro de aceite,WHS01,2024-02-09,17.2
ITM001,Filtro de aceite,WHS02,2024-02-09,17.2
ITM002,Pastilla de freno,WHS02,2024-02-09,5.73
ITM003,Bujía,WHS02,2024-02-09,8.6
ITM004,Amortiguador,WHS02,2024-02-09,20.06
ITM005,Kit de embrague,WHS01,2024-02-09,20.06
ITM001,Filtro de aceite,WHS01,2024-02-12,8.6
ITM001,Filtro de aceite,WHS02,2024-02-12,11.46
ITM002,Pastilla de freno,WHS01,2024-02-12,25.79
ITM002,Pastilla de freno,WHS02,2024-02-12,2.87
ITM003,Bujía,WHS01,2024-02-12,14.33
ITM004,Amortiguador,WHS01,2024-02-12,17.2
ITM004,Amortiguador,WHS02,2024-02-12,20.06
ITM001,Filtro de aceite,WHS02,2024-02-13,11.46
ITM002,Pastilla de freno,WHS02,2024-02-13,17.2
ITM003,Bujía,WHS01,2024-02-13,14.33
ITM003,Bujía,WHS02,2024-02-13,20.06
ITM004,Amortiguador,WHS01,2024-02-13,11.46
ITM005,Kit de embrague,WHS01,2024-02-13,17.2
ITM001,Filtro de aceite,WHS02,2024-02-14,25.79
ITM002,Pastilla de freno,WHS01,2024-02-14,8.6
ITM003,Bujía,WHS01,2024-02-14,17.2
ITM003,Bujía,WHS02,2024-02-14,25.79
ITM004,Amortiguador,WHS01,2024-02-14,5.73
ITM004,Amortiguador,WHS02,2024-02-14,25.79
ITM005,Kit de embrague,WHS01,2024-02-14,20.06
ITM005,Kit de embrague,WHS02,2024-02-14,25.79
ITM001,Filtro de aceite,WHS01,2024-02-15,5.73
ITM002,Pastilla de freno,WHS01,2024-02-15,20.06
ITM003,Bujía,WHS01,2024-02-15,8.6
ITM003,Bujía,WHS02,2024-02-15,5.73
ITM004,Amortiguador,WHS01,2024-02-15,22.93
ITM004,Amortiguador,WHS02,2024-02-15,17.2
ITM005,Kit de embrague,WHS01,2024-02-15,25.79
ITM005,Kit de embrague,WHS02,2024-02-15,5.73
ITM001,Filtro de aceite,WHS01,2024-02-16,25.79
ITM003,Bujía,WHS02,2024-02-16,20.06
ITM005,Kit de embrague,WHS01,2024-02-16,17.2
ITM005,Kit de embrague,WHS02,2024-02-16,5.73
ITM001,Filtro de aceite,WHS02,2024-02-19,2.87
ITM002,Pastilla de freno,WHS01,2024-02-19,17.2
ITM002,Pastilla de freno,WHS02,2024-02-19,8.6
ITM003,Bujía,WHS01,2024-02-19,17.2
ITM003,Bujía,WHS02,2024-02-19,22.93
ITM004,Amortiguador,WHS01,2024-02-19,17.2
ITM004,Amortiguador,WHS02,2024-02-19,11.46
ITM005,Kit de embrague,WHS01,2024-02-19,17.2
ITM005,Kit de embrague,WHS02,2024-02-19,11.46
ITM001,Filtro de aceite,WHS02,2024-02-20,25.79
ITM002,Pastilla de freno,WHS01,2024-02-20,25.79
ITM003,Bujía,WHS01,2024-02-20,5.73
ITM004,Amortiguador,WHS01,2024-02-20,20.06
ITM004,Amortiguador,WHS02,2024-02-20,11.46
ITM001,Filtro de aceite,WHS01,2024-02-21,20.06
ITM001,Filtro de aceite,WHS02,2024-02-21,5.73
ITM002,Pastilla de freno,WHS02,2024-02-21,14.33
ITM003,Bujía,WHS01,2024-02-21,17.2
ITM003,Bujía,WHS02,2024-02-21,2.87
ITM004,Amortiguador,WHS02,2024-02-21,5.73
ITM005,Kit de embrague,WHS02,2024-02-21,2.87
ITM001,Filtro de aceite,WHS01,2024-02-22,14.33
ITM001,Filtro de aceite,WHS02,2024-02-22,11.46
ITM002,Pastilla de freno,WHS01,2024-02-22,25.79
ITM002,Pastilla de freno,WHS02,2024-02-22,22.93
ITM003,Bujía,WHS01,2024-02-22,2.87
ITM003,Bujía,WHS02,2024-02-22,11.46
ITM004,Amortiguador,WHS01,2024-02-22,8.6
ITM004,Amortiguador,WHS02,2024-02-22,25.79
ITM005,Kit de embrague,WHS01,2024-02-22,5.73
ITM005,Kit de embrague,WHS02,2024-02-22,5.73
ITM001,Filtro de aceite,WHS01,2024-02-23,25.79
ITM002,Pastilla de freno,WHS02,2024-02-23,11.46
ITM004,Amortiguador,WHS01,2024-02-23,11.46
ITM004,Amortiguador,WHS02,2024-02-23,25.79
ITM005,Kit de embrague,WHS02,2024-02-23,14.33
ITM001,Filtro de aceite,WHS01,2024-02-26,17.2
ITM002,Pastilla de freno,WHS01,2024-02-26,17.2
ITM002,Pastilla de freno,WHS02,2024-02-26,2.87
ITM003,Bujía,WHS01,2024-02-26,20.06
ITM003,Bujía,WHS02,2024-02-26,22.93
ITM004,Amortiguador,WHS02,2024-02-26,8.6
ITM005,Kit de embrague,WHS02,2024-02-26,20.06
ITM001,Filtro de aceite,WHS01,2024-02-27,22.93
ITM001,Filtro de aceite,WHS02,2024-02-27,20.06
ITM002,Pastilla de freno,WHS01,2024-02-27,22.93
ITM002,Pastilla de freno,WHS02,2024-02-27,8.6
ITM003,Bujía,WHS01,2024-02-27,2.87
ITM003,Bujía,WHS02,2024-02-27,11.46
ITM005,Kit de embrague,WHS02,2024-02-27,5.73
ITM001,Filtro de aceite,WHS01,2024-02-28,20.06
ITM001,Filtro de aceite,WHS02,2024-02-28,25.79
ITM002,Pastilla de freno,WHS02,2024-02-28,8.6
ITM003,Bujía,WHS01,2024-02-28,11.46
ITM003,Bujía,WHS02,2024-02-28,22.93
ITM004,Amortiguador,WHS01,2024-02-28,14.33
ITM004,Amortiguador,WHS02,2024-02-28,20.06
ITM005,Kit de embrague,WHS01,2024-02-28,22.93
ITM005,Kit de embrague,WHS02,2024-02-28,8.6
ITM001,Filtro de aceite,WHS01,2024-02-29,22.93
ITM001,Filtro de aceite,WHS02,2024-02-29,11.46
ITM002,Pastilla de freno,WHS02,2024-02-29,11.46
ITM003,Bujía,WHS01,2024-02-29,14.33
ITM004,Amortiguador,WHS01,2024-02-29,25.79
ITM005,Kit de embrague,WHS01,2024-02-29,14.33
ITM001,Filtro de aceite,WHS01,2024-03-01,12.0
ITM003,Bujía,WHS01,2024-03-01,3.0
ITM003,Bujía,WHS02,2024-03-01,6.0
ITM004,Amortiguador,WHS01,2024-03-01,27.0
ITM005,Kit de embrague,WHS01,2024-03-01,6.0
ITM005,Kit de embrague,WHS02,2024-03-01,15.0
ITM001,Filtro de aceite,WHS02,2024-03-04,6.0
ITM002,Pastilla de freno,WHS01,2024-03-04,24.0
ITM002,Pastilla de freno,WHS02,2024-03-04,3.0
ITM003,Bujía,WHS01,2024-03-04,12.0
ITM003,Bujía,WHS02,2024-03-04,12.0
ITM004,Amortiguador,WHS01,2024-03-04,18.0
ITM004,Amortiguador,WHS02,2024-03-04,3.0
ITM005,Kit de embrague,WHS01,2024-03-04,6.0
ITM001,Filtro de aceite,WHS01,2024-03-05,27.0
ITM001,Filtro de aceite,WHS02,2024-03-05,12.0
ITM002,Pastilla de freno,WHS02,2024-03-05,15.0
ITM003,Bujía,WHS01,2024-03-05,12.0
ITM003,Bujía,WHS02,2024-03-05,27.0
ITM005,Kit de embrague,WHS01,2024-03-05,18.0
ITM005,Kit de embrague,WHS02,2024-03-05,24.0
ITM001,Filtro de aceite,WHS01,2024-03-06,21.0
ITM002,Pastilla de freno,WHS02,2024-03-06,6.0
ITM003,Bujía,WHS01,2024-03-06,12.0
ITM003,Bujía,WHS02,2024-03-06,18.0
ITM004,Amortiguador,WHS01,2024-03-06,9.0
ITM001,Filtro de aceite,WHS01,2024-03-07,12.0
ITM001,Filtro de aceite,WHS02,2024-03-07,27.0
ITM002,Pastilla de freno,WHS01,2024-03-07,12.0
ITM002,Pastilla de freno,WHS02,2024-03-07,6.0
ITM003,Bujía,WHS01,2024-03-07,27.0
ITM003,Bujía,WHS02,2024-03-07,12.0
ITM004,Amortiguador,WHS01,2024-03-07,21.0
ITM005,Kit de embrague,WHS02,2024-03-07,12.0
ITM001,Filtro de aceite,WHS01,2024-03-08,12.0
ITM001,Filtro de aceite,WHS02,2024-03-08,27.0
ITM002,Pastilla de freno,WHS01,2024-03-08,12.0
ITM002,Pastilla de freno,WHS02,2024-03-08,12.0
ITM004,Amortiguador,WHS01,2024-03-08,27.0
ITM005,Kit de embrague,WHS01,2024-03-08,24.0
ITM001,Filtro de aceite,WHS01,2024-03-11,15.0
ITM001,Filtro de aceite,WHS02,2024-03-11,12.0
ITM002,Pastilla de freno,WHS01,2024-03-11,24.0
ITM002,Pastilla de freno,WHS02,2024-03-11,27.0
ITM005,Kit de embrague,WHS02,2024-03-11,15.0
ITM001,Filtro de aceite,WHS01,2024-03-12,9.0
ITM001,Filtro de aceite,WHS02,2024-03-12,21.0
ITM002,Pastilla de freno,WHS02,2024-03-12,24.0
ITM003,Bujía,WHS01,2024-03-12,9.0
ITM003,Bujía,WHS02,2024-03-12,18.0
ITM004,Amortiguador,WHS02,2024-03-12,21.0
ITM005,Kit de embrague,WHS01,2024-03-12,18.0
ITM005,Kit de embrague,WHS02,2024-03-12,3.0
ITM001,Filtro de aceite,WHS01,2024-03-13,3.0
ITM001,Filtro de aceite,WHS02,2024-03-13,9.0
ITM002,Pastilla de freno,WHS02,2024-03-13,12.0
ITM003,Bujía,WHS01,2024-03-13,27.0
ITM003,Bujía,WHS02,2024-03-13,9.0
ITM004,Amortiguador,WHS02,2024-03-13,21.0
ITM005,Kit de embrague,WHS01,2024-03-13,6.0
ITM005,Kit de embrague,WHS02,2024-03-13,21.0
ITM001,Filtro de aceite,WHS02,2024-03-14,21.0
ITM002,Pastilla de freno,WHS02,2024-03-14,12.0
ITM003,Bujía,WHS01,2024-03-14,15.0
ITM003,Bujía,WHS02,2024-03-14,24.0
ITM004,Amortiguador,WHS02,2024-03-14,21.0
ITM005,Kit de embrague,WHS02,2024-03-14,27.0
ITM001,Filtro de aceite,WHS01,2024-03-15,24.0
ITM001,Filtro de aceite,WHS02,2024-03-15,27.0
ITM002,Pastilla de freno,WHS01,2024-03-15,18.0
ITM003,Bujía,WHS02,2024-03-15,21.0
ITM004,Amortiguador,WHS01,2024-03-15,21.0
ITM004,Amortiguador,WHS02,2024-03-15,27.0
ITM005,Kit de embrague,WHS02,2024-03-15,15.0
ITM001,Filtro de aceite,WHS01,2024-03-18,18.0
ITM001,Filtro de aceite,WHS02,2024-03-18,15.0
ITM002,Pastilla de freno,WHS02,2024-03-18,18.0
ITM003,Bujía,WHS01,2024-03-18,12.0
ITM004,Amortiguador,WHS02,2024-03-18,27.0
ITM005,Kit de embrague,WHS01,2024-03-18,15.0
ITM005,Kit de embrague,WHS02,2024-03-18,3.0
ITM001,Filtro de aceite,WHS01,2024-03-19,3.0
ITM001,Filtro de aceite,WHS02,2024-03-19,21.0
ITM002,Pastilla de freno,WHS02,2024-03-19,6.0
ITM003,Bujía,WHS01,2024-03-19,27.0
ITM003,Bujía,WHS02,2024-03-19,6.0
ITM004,Amortiguador,WHS01,2024-03-19,24.0
ITM005,Kit de embrague,WHS01,2024-03-19,18.0
ITM005,Kit de embrague,WHS02,2024-03-19,9.0
ITM001,Filtro de aceite,WHS01,2024-03-20,12.0
ITM002,Pastilla de freno,WHS01,2024-03-20,15.0
ITM002,Pastilla de freno,WHS02,2024-03-20,18.0
ITM003,Bujía,WHS01,2024-03-20,12.0
ITM004,Amortiguador,WHS01,2024-03-20,9.0
ITM005,Kit de embrague,WHS01,2024-03-20,12.0
ITM005,Kit de embrague,WHS02,2024-03-20,18.0
ITM001,Filtro de aceite,WHS01,2024-03-21,24.0
ITM001,Filtro de aceite,WHS02,2024-03-21,6.0
ITM002,Pastilla de freno,WHS02,2024-03-21,24.0
ITM004,Amortiguador,WHS01,2024-03-21,15.0
ITM004,Amortiguador,WHS02,2024-03-21,21.0
ITM005,Kit de embrague,WHS01,2024-03-21,3.0
ITM001,Filtro de aceite,WHS02,2024-03-22,9.0
ITM003,Bujía,WHS02,2024-03-22,21.0
ITM004,Amortiguador,WHS01,2024-03-22,27.0
ITM005,Kit de embrague,WHS01,2024-03-22,12.0
ITM005,Kit de embrague,WHS02,2024-03-22,21.0
ITM001,Filtro de aceite,WHS01,2024-03-25,9.0
ITM001,Filtro de aceite,WHS02,2024-03-25,24.0
ITM002,Pastilla de freno,WHS01,2024-03-25,6.0
ITM002,Pastilla de freno,WHS02,2024-03-25,27.0
ITM003,Bujía,WHS01,2024-03-25,27.0
ITM003,Bujía,WHS02,2024-03-25,9.0
ITM004,Amortiguador,WHS01,2024-03-25,27.0
ITM004,Amortiguador,WHS02,2024-03-25,21.0
ITM005,Kit de embrague,WHS01,2024-03-25,24.0
ITM005,Kit de embrague,WHS02,2024-03-25,27.0
ITM001,Filtro de aceite,WHS01,2024-03-26,9.0
ITM001,Filtro de aceite,WHS02,2024-03-26,21.0
ITM003,Bujía,WHS02,2024-03-26,27.0
ITM004,Amortiguador,WHS01,2024-03-26,21.0
ITM004,Amortiguador,WHS02,2024-03-26,24.0
ITM005,Kit de embrague,WHS01,2024-03-26,9.0
ITM005,Kit de embrague,WHS02,2024-03-26,21.0
ITM001,Filtro de aceite,WHS01,2024-03-27,3.0
ITM001,Filtro de aceite,WHS02,2024-03-27,12.0
ITM002,Pastilla de freno,WHS02,2024-03-27,21.0
ITM003,Bujía,WHS01,2024-03-27,24.0
ITM003,Bujía,WHS02,2024-03-27,21.0
ITM004,Amortiguador,WHS01,2024-03-27,21.0
ITM004,Amortiguador,WHS02,2024-03-27,12.0
ITM005,Kit de embrague,WHS01,2024-03-27,15.0
ITM005,Kit de embrague,WHS02,2024-03-27,15.0
ITM001,Filtro de aceite,WHS01,2024-03-28,3.0
ITM002,Pastilla de freno,WHS01,2024-03-28,6.0
ITM003,Bujía,WHS01,2024-03-28,24.0
ITM004,Amortiguador,WHS01,2024-03-28,24.0
ITM004,Amortiguador,WHS02,2024-03-28,12.0
ITM005,Kit de embrague,WHS02,2024-03-28,9.0
ITM001,Filtro de aceite,WHS01,2024-03-29,15.0
ITM001,Filtro de aceite,WHS02,2024-03-29,9.0
ITM002,Pastilla de freno,WHS01,2024-03-29,6.0
ITM002,Pastilla de freno,WHS02,2024-03-29,15.0
ITM004,Amortiguador,WHS01,2024-03-29,6.0
ITM004,Amortiguador,WHS02,2024-03-29,9.0
ITM005,Kit de embrague,WHS01,2024-03-29,15.0
ITM005,Kit de embrague,WHS02,2024-03-29,24.0
ITM001,Filtro de aceite,WHS02,2024-04-01,8.6
ITM002,Pastilla de freno,WHS01,2024-04-01,11.46
ITM002,Pastilla de freno,WHS02,2024-04-01,11.46
ITM003,Bujía,WHS02,2024-04-01,5.73
ITM004,Amortiguador,WHS02,2024-04-01,20.06
ITM005,Kit de embrague,WHS02,2024-04-01,8.6
ITM001,Filtro de aceite,WHS01,2024-04-02,2.87
ITM001,Filtro de aceite,WHS02,2024-04-02,25.79
ITM002,Pastilla de freno,WHS01,2024-04-02,17.2
ITM003,Bujía,WHS01,2024-04-02,5.73
ITM003,Bujía,WHS02,2024-04-02,22.93
ITM004,Amortiguador,WHS01,2024-04-02,25.79
ITM004,Amortiguador,WHS02,2024-04-02,2.87
ITM005,Kit de embrague,WHS02,2024-04-02,25.79
ITM001,Filtro de aceite,WHS01,2024-04-03,22.93
ITM001,Filtro de aceite,WHS02,2024-04-03,20.06
ITM002,Pastilla de freno,WHS01,2024-04-03,2.87
ITM002,Pastilla de freno,WHS02,2024-04-03,17.2
ITM004,Amortiguador,WHS02,2024-04-03,11.46
ITM005,Kit de embrague,WHS02,2024-04-03,2.87
ITM001,Filtro de aceite,WHS01,2024-04-04,2.87
ITM003,Bujía,WHS02,2024-04-04,5.73
ITM004,Amortiguador,WHS01,2024-04-04,2.87
ITM004,Amortiguador,WHS02,2024-04-04,17.2
ITM001,Filtro de aceite,WHS02,2024-04-05,20.06
ITM002,Pastilla de freno,WHS01,2024-04-05,14.33
ITM003,Bujía,WHS01,2024-04-05,20.06
ITM003,Bujía,WHS02,2024-04-05,11.46
ITM004,Amortiguador,WHS01,2024-04-05,25.79
ITM004,Amortiguador,WHS02,2024-04-05,25.79
ITM005,Kit de embrague,WHS01,2024-04-05,20.06
ITM005,Kit de embrague,WHS02,2024-04-05,5.73
ITM001,Filtro de aceite,WHS01,2024-04-08,8.6
ITM002,Pastilla de freno,WHS01,2024-04-08,25.79
ITM002,Pastilla de freno,WHS02,2024-04-08,11.46
ITM003,Bujía,WHS01,2024-04-08,25.79
ITM003,Bujía,WHS02,2024-04-08,25.79
ITM004,Amortiguador,WHS01,2024-04-08,5.73
ITM005,Kit de embrague,WHS01,2024-04-08,14.33
ITM005,Kit de embrague,WHS02,2024-04-08,8.6
ITM001,Filtro de aceite,WHS01,2024-04-09,11.46
ITM002,Pastilla de freno,WHS02,2024-04-09,17.2
ITM003,Bujía,WHS01,2024-04-09,2.87
ITM003,Bujía,WHS02,2024-04-09,8.6
ITM004,Amortiguador,WHS01,2024-04-09,20.06
ITM004,Amortiguador,WHS02,2024-04-09,25.79
ITM005,Kit de embrague,WHS01,2024-04-09,2.87
ITM005,Kit de embrague,WHS02,2024-04-09,5.73
ITM001,Filtro de aceite,WHS02,2024-04-10,14.33
ITM002,Pastilla de freno,WHS02,2024-04-10,8.6
ITM003,Bujía,WHS01,2024-04-10,22.93
ITM003,Bujía,WHS02,2024-04-10,11.46
ITM004,Amortiguador,WHS02,2024-04-10,20.06
ITM005,Kit de embrague,WHS01,2024-04-10,2.87
ITM005,Kit de embrague,WHS02,2024-04-10,5.73
ITM001,Filtro de aceite,WHS01,2024-04-11,17.2
ITM001,Filtro de aceite,WHS02,2024-04-11,5.73
ITM002,Pastilla de freno,WHS01,2024-04-11,25.79
ITM002,Pastilla de freno,WHS02,2024-04-11,20.06
ITM003,Bujía,WHS01,2024-04-11,11.46
ITM003,Bujía,WHS02,2024-04-11,2.87
ITM004,Amortiguador,WHS02,2024-04-11,17.2
ITM005,Kit de embrague,WHS01,2024-04-11,5.73
ITM001,Filtro de aceite,WHS01,2024-04-12,17.2
ITM001,Filtro de aceite,WHS02,2024-04-12,20.06
ITM003,Bujía,WHS02,2024-04-12,22.93
ITM004,Amortiguador,WHS01,2024-04-12,8.6
ITM004,Amortiguador,WHS02,2024-04-12,22.93
ITM005,Kit de embrague,WHS01,2024-04-12,25.79
ITM005,Kit de embrague,WHS02,2024-04-12,14.33
ITM001,Filtro de aceite,WHS01,2024-04-15,2.87
ITM002,Pastilla de freno,WHS02,2024-04-15,2.87
ITM003,Bujía,WHS02,2024-04-15,14.33
ITM004,Amortiguador,WHS01,2024-04-15,25.79
ITM004,Amortiguador,WHS02,2024-04-15,11.46
ITM005,Kit de embrague,WHS01,2024-04-15,8.6
ITM005,Kit de embrague,WHS02,2024-04-15,5.73
ITM001,Filtro de aceite,WHS01,2024-04-16,25.79
ITM002,Pastilla de freno,WHS01,2024-04-16,5.73
ITM002,Pastilla de freno,WHS02,2024-04-16,17.2
ITM003,Bujía,WHS01,2024-04-16,5.73
ITM003,Bujía,WHS02,2024-04-16,25.79
ITM004,Amortiguador,WHS01,2024-04-16,20.06
ITM005,Kit de embrague,WHS01,2024-04-16,5.73
ITM005,Kit de embrague,WHS02,2024-04-16,2.87
ITM001,Filtro de aceite,WHS02,2024-04-17,25.79
ITM002,Pastilla de freno,WHS01,2024-04-17,22.93
ITM002,Pastilla de freno,WHS02,2024-04-17,8.6
ITM003,Bujía,WHS01,2024-04-17,5.73
ITM003,Bujía,WHS02,2024-04-17,11.46
ITM004,Amortiguador,WHS01,2024-04-17,22.93
ITM005,Kit de embrague,WHS01,2024-04-17,14.33
ITM001,Filtro de aceite,WHS01,2024-04-18,2.87
ITM001,Filtro de aceite,WHS02,2024-04-18,17.2
ITM002,Pastilla de freno,WHS01,2024-04-18,11.46
ITM003,Bujía,WHS02,2024-04-18,14.33
ITM004,Amortiguador,WHS01,2024-04-18,11.46
ITM004,Amortiguador,WHS02,2024-04-18,2.87
ITM005,Kit de embrague,WHS01,2024-04-18,25.79
ITM001,Filtro de aceite,WHS01,2024-04-19,5.73
ITM001,Filtro de aceite,WHS02,2024-04-19,5.73
ITM002,Pastilla de freno,WHS01,2024-04-19,11.46
ITM003,Bujía,WHS01,2024-04-19,14.33
ITM003,Bujía,WHS02,2024-04-19,17.2
ITM004,Amortiguador,WHS01,2024-04-19,8.6
ITM004,Amortiguador,WHS02,2024-04-19,11.46
ITM005,Kit de embrague,WHS01,2024-04-19,20.06
ITM005,Kit de embrague,WHS02,2024-04-19,14.33
ITM001,Filtro de aceite,WHS01,2024-04-22,20.06
ITM001,Filtro de aceite,WHS02,2024-04-22,17.2
ITM002,Pastilla de freno,WHS01,2024-04-22,8.6
ITM002,Pastilla de freno,WHS02,2024-04-22,2.87
ITM004,Amortiguador,WHS01,2024-04-22,20.06
ITM004,Amortiguador,WHS02,2024-04-22,5.73
ITM005,Kit de embrague,WHS02,2024-04-22,25.79
ITM002,Pastilla de freno,WHS01,2024-04-23,8.6
ITM002,Pastilla de freno,WHS02,2024-04-23,22.93
ITM003,Bujía,WHS01,2024-04-23,22.93
ITM004,Amortiguador,WHS01,2024-04-23,8.6
ITM004,Amortiguador,WHS02,2024-04-23,5.73
ITM005,Kit de embrague,WHS01,2024-04-23,17.2
ITM005,Kit de embrague,WHS02,2024-04-23,14.33
ITM001,Filtro de aceite,WHS01,2024-04-24,11.46
ITM001,Filtro de aceite,WHS02,2024-04-24,20.06
ITM002,Pastilla de freno,WHS02,2024-04-24,5.73
ITM003,Bujía,WHS01,2024-04-24,8.6
ITM004,Amortiguador,WHS01,2024-04-24,5.73
ITM004,Amortiguador,WHS02,2024-04-24,22.93
ITM005,Kit de embrague,WHS01,2024-04-24,11.46
ITM005,Kit de embrague,WHS02,2024-04-24,2.87
ITM002,Pastilla de freno,WHS02,2024-04-25,20.06
ITM003,Bujía,WHS01,2024-04-25,20.06
ITM003,Bujía,WHS02,2024-04-25,8.6
ITM004,Amortiguador,WHS01,2024-04-25,8.6
ITM005,Kit de embrague,WHS01,2024-04-25,17.2
ITM005,Kit de embrague,WHS02,2024-04-25,17.2
ITM001,Filtro de aceite,WHS01,2024-04-26,5.73
ITM001,Filtro de aceite,WHS02,2024-04-26,17.2
ITM002,Pastilla de freno,WHS02,2024-04-26,14.33
ITM003,Bujía,WHS01,2024-04-26,20.06
ITM004,Amortiguador,WHS01,2024-04-26,5.73
ITM004,Amortiguador,WHS02,2024-04-26,2.87
ITM005,Kit de embrague,WHS01,2024-04-26,14.33
ITM005,Kit de embrague,WHS02,2024-04-26,2.87
ITM001,Filtro de aceite,WHS01,2024-04-29,20.06
ITM002,Pastilla de freno,WHS01,2024-04-29,20.06
ITM003,Bujía,WHS02,2024-04-29,17.2
ITM005,Kit de embrague,WHS01,2024-04-29,14.33
ITM001,Filtro de aceite,WHS02,2024-04-30,2.87
ITM002,Pastilla de freno,WHS01,2024-04-30,2.87
ITM003,Bujía,WHS01,2024-04-30,20.06
ITM003,Bujía,WHS02,2024-04-30,22.93
ITM004,Amortiguador,WHS01,2024-04-30,25.79
ITM004,Amortiguador,WHS02,2024-04-30,11.46
ITM005,Kit de embrague,WHS02,2024-04-30,5.73
ITM001,Filtro de aceite,WHS01,2024-05-01,2.5
ITM001,Filtro de aceite,WHS02,2024-05-01,12.5
ITM002,Pastilla de freno,WHS01,2024-05-01,20.0
ITM002,Pastilla de freno,WHS02,2024-05-01,7.5
ITM003,Bujía,WHS01,2024-05-01,20.0
ITM003,Bujía,WHS02,2024-05-01,17.5
ITM004,Amortiguador,WHS01,2024-05-01,5.0
ITM005,Kit de embrague,WHS01,2024-05-01,5.0
ITM001,Filtro de aceite,WHS01,2024-05-02,15.0
ITM003,Bujía,WHS02,2024-05-02,17.5
ITM004,Amortiguador,WHS01,2024-05-02,15.0
ITM004,Amortiguador,WHS02,2024-05-02,20.0
ITM001,Filtro de aceite,WHS01,2024-05-03,7.5
ITM001,Filtro de aceite,WHS02,2024-05-03,12.5
ITM002,Pastilla de freno,WHS02,2024-05-03,5.0
ITM003,Bujía,WHS02,2024-05-03,17.5
ITM004,Amortiguador,WHS01,2024-05-03,22.5
ITM004,Amortiguador,WHS02,2024-05-03,17.5
ITM005,Kit de embrague,WHS01,2024-05-03,22.5
ITM005,Kit de embrague,WHS02,2024-05-03,5.0
ITM001,Filtro de aceite,WHS01,2024-05-06,10.0
ITM002,Pastilla de freno,WHS01,2024-05-06,15.0
ITM003,Bujía,WHS01,2024-05-06,2.5
ITM003,Bujía,WHS02,2024-05-06,20.0
ITM004,Amortiguador,WHS01,2024-05-06,20.0
ITM005,Kit de embrague,WHS01,2024-05-06,5.0
ITM005,Kit de embrague,WHS02,2024-05-06,10.0
ITM001,Filtro de aceite,WHS02,2024-05-07,12.5
ITM002,Pastilla de freno,WHS01,2024-05-07,10.0
ITM002,Pastilla de freno,WHS02,2024-05-07,2.5
ITM003,Bujía,WHS01,2024-05-07,22.5
ITM003,Bujía,WHS02,2024-05-07,15.0
ITM004,Amortiguador,WHS02,2024-05-07,20.0
ITM005,Kit de embrague,WHS01,2024-05-07,15.0
ITM001,Filtro de aceite,WHS02,2024-05-08,17.5
ITM002,Pastilla de freno,WHS01,2024-05-08,10.0
ITM002,Pastilla de freno,WHS02,2024-05-08,10.0
ITM003,Bujía,WHS01,2024-05-08,17.5
ITM003,Bujía,WHS02,2024-05-08,12.5
ITM004,Amortiguador,WHS01,2024-05-08,10.0
ITM004,Amortiguador,WHS02,2024-05-08,5.0
ITM005,Kit de embrague,WHS01,2024-05-08,12.5
ITM005,Kit de embrague,WHS02,2024-05-08,12.5
ITM001,Filtro de aceite,WHS01,2024-05-09,12.5
ITM002,Pastilla de freno,WHS02,2024-05-09,10.0
ITM003,Bujía,WHS02,2024-05-09,15.0
ITM004,Amortiguador,WHS02,2024-05-09,20.0
ITM005,Kit de embrague,WHS01,2024-05-09,12.5
ITM005,Kit de embrague,WHS02,2024-05-09,12.5
ITM001,Filtro de aceite,WHS01,2024-05-10,22.5
ITM001,Filtro de aceite,WHS02,2024-05-10,22.5
ITM002,Pastilla de freno,WHS01,2024-05-10,20.0
ITM002,Pastilla de freno,WHS02,2024-05-10,22.5
ITM003,Bujía,WHS01,2024-05-10,12.5
ITM003,Bujía,WHS02,2024-05-10,20.0
ITM004,Amortiguador,WHS01,2024-05-10,7.5
ITM004,Amortiguador,WHS02,2024-05-10,5.0
ITM005,Kit de embrague,WHS01,2024-05-10,17.5
ITM005,Kit de embrague,WHS02,2024-05-10,7.5
ITM001,Filtro de aceite,WHS01,2024-05-13,7.5
ITM001,Filtro de aceite,WHS02,2024-05-13,10.0
ITM002,Pastilla de freno,WHS01,2024-05-13,15.0
ITM003,Bujía,WHS02,2024-05-13,7.5
ITM005,Kit de embrague,WHS01,2024-05-13,12.5
ITM005,Kit de embrague,WHS02,2024-05-13,22.5
ITM001,Filtro de aceite,WHS01,2024-05-14,5.0
ITM002,Pastilla de freno,WHS01,2024-05-14,22.5
ITM002,Pastilla de freno,WHS02,2024-05-14,5.0
ITM003,Bujía,WHS01,2024-05-14,7.5
ITM004,Amortiguador,WHS01,2024-05-14,20.0
ITM004,Amortiguador,WHS02,2024-05-14,2.5
ITM005,Kit de embrague,WHS01,2024-05-14,15.0
ITM001,Filtro de aceite,WHS02,2024-05-15,7.5
ITM003,Bujía,WHS01,2024-05-15,5.0
ITM004,Amortiguador,WHS01,2024-05-15,20.0
ITM005,Kit de embrague,WHS01,2024-05-15,10.0
ITM005,Kit de embrague,WHS02,2024-05-15,10.0
ITM001,Filtro de aceite,WHS01,2024-05-16,7.5
ITM002,Pastilla de freno,WHS01,2024-05-16,20.0
ITM003,Bujía,WHS01,2024-05-16,17.5
ITM003,Bujía,WHS02,2024-05-16,5.0
ITM004,Amortiguador,WHS02,2024-05-16,15.0
ITM005,Kit de embrague,WHS01,2024-05-16,10.0
ITM005,Kit de embrague,WHS02,2024-05-16,22.5
ITM001,Filtro de aceite,WHS01,2024-05-17,15.0
ITM003,Bujía,WHS01,2024-05-17,12.5
ITM004,Amortiguador,WHS01,2024-05-17,17.5
ITM004,Amortiguador,WHS02,2024-05-17,22.5
ITM005,Kit de embrague,WHS02,2024-05-17,22.5
ITM002,Pastilla de freno,WHS01,2024-05-20,22.5
ITM002,Pastilla de freno,WHS02,2024-05-20,22.5
ITM003,Bujía,WHS01,2024-05-20,15.0
ITM003,Bujía,WHS02,2024-05-20,12.5
ITM004,Amortiguador,WHS01,2024-05-20,12.5
ITM005,Kit de embrague,WHS01,2024-05-20,5.0
ITM005,Kit de embrague,WHS02,2024-05-20,17.5
ITM001,Filtro de aceite,WHS01,2024-05-21,22.5
ITM001,Filtro de aceite,WHS02,2024-05-21,17.5
ITM002,Pastilla de freno,WHS02,2024-05-21,22.5
ITM003,Bujía,WHS01,2024-05-21,17.5
ITM003,Bujía,WHS02,2024-05-21,20.0
ITM004,Amortiguador,WHS01,2024-05-21,10.0
ITM005,Kit de embrague,WHS01,2024-05-21,15.0
ITM005,Kit de embrague,WHS02,2024-05-21,5.0
ITM001,Filtro de aceite,WHS01,2024-05-22,20.0
ITM002,Pastilla de freno,WHS01,2024-05-22,2.5
ITM002,Pastilla de freno,WHS02,2024-05-22,17.5
ITM003,Bujía,WHS02,2024-05-22,12.5
ITM004,Amortiguador,WHS02,2024-05-22,7.5
ITM005,Kit de embrague,WHS01,2024-05-22,2.5
ITM005,Kit de embrague,WHS02,2024-05-22,7.5
ITM001,Filtro de aceite,WHS01,2024-05-23,17.5
ITM001,Filtro de aceite,WHS02,2024-05-23,10.0
ITM002,Pastilla de freno,WHS01,2024-05-23,2.5
ITM002,Pastilla de freno,WHS02,2024-05-23,15.0
ITM003,Bujía,WHS02,2024-05-23,7.5
ITM004,Amortiguador,WHS01,2024-05-23,2.5
ITM004,Amortiguador,WHS02,2024-05-23,12.5
ITM005,Kit de embrague,WHS01,2024-05-23,2.5
ITM005,Kit de embrague,WHS02,2024-05-23,7.5
ITM002,Pastilla de freno,WHS02,2024-05-24,12.5
ITM003,Bujía,WHS01,2024-05-24,15.0
ITM004,Amortiguador,WHS01,2024-05-24,7.5
ITM004,Amortiguador,WHS02,2024-05-24,10.0
ITM005,Kit de embrague,WHS01,2024-05-24,17.5
ITM001,Filtro de aceite,WHS01,2024-05-27,20.0
ITM001,Filtro de aceite,WHS02,2024-05-27,7.5
ITM002,Pastilla de freno,WHS01,2024-05-27,2.5
ITM002,Pastilla de freno,WHS02,2024-05-27,17.5
ITM003,Bujía,WHS01,2024-05-27,22.5
ITM003,Bujía,WHS02,2024-05-27,15.0
ITM004,Amortiguador,WHS02,2024-05-27,20.0
ITM005,Kit de embrague,WHS01,2024-05-27,12.5
ITM005,Kit de embrague,WHS02,2024-05-27,20.0
ITM001,Filtro de aceite,WHS01,2024-05-28,17.5
ITM001,Filtro de aceite,WHS02,2024-05-28,20.0
ITM002,Pastilla de freno,WHS01,2024-05-28,12.5
ITM002,Pastilla de freno,WHS02,2024-05-28,2.5
ITM003,Bujía,WHS01,2024-05-28,2.5
ITM003,Bujía,WHS02,2024-05-28,7.5
ITM004,Amortiguador,WHS01,2024-05-28,20.0
ITM004,Amortiguador,WHS02,2024-05-28,17.5
ITM005,Kit de embrague,WHS01,2024-05-28,5.0
ITM005,Kit de embrague,WHS02,2024-05-28,17.5
ITM001,Filtro de aceite,WHS01,2024-05-29,17.5
ITM001,Filtro de aceite,WHS02,2024-05-29,15.0
ITM002,Pastilla de freno,WHS01,2024-05-29,10.0
ITM002,Pastilla de freno,WHS02,2024-05-29,12.5
ITM003,Bujía,WHS01,2024-05-29,12.5
ITM004,Amortiguador,WHS01,2024-05-29,20.0
ITM004,Amortiguador,WHS02,2024-05-29,12.5
ITM005,Kit de embrague,WHS02,2024-05-29,2.5
ITM001,Filtro de aceite,WHS01,2024-05-30,22.5
ITM001,Filtro de aceite,WHS02,2024-05-30,20.0
ITM002,Pastilla de freno,WHS01,2024-05-30,7.5
ITM002,Pastilla de freno,WHS02,2024-05-30,15.0
ITM003,Bujía,WHS01,2024-05-30,20.0
ITM003,Bujía,WHS02,2024-05-30,12.5
ITM004,Amortiguador,WHS01,2024-05-30,17.5
ITM004,Amortiguador,WHS02,2024-05-30,10.0
ITM005,Kit de embrague,WHS02,2024-05-30,7.5
ITM001,Filtro de aceite,WHS02,2024-05-31,2.5
ITM002,Pastilla de freno,WHS01,2024-05-31,7.5
ITM002,Pastilla de freno,WHS02,2024-05-31,12.5
ITM003,Bujía,WHS01,2024-05-31,5.0
ITM003,Bujía,WHS02,2024-05-31,5.0
ITM004,Amortiguador,WHS02,2024-05-31,5.0
ITM005,Kit de embrague,WHS01,2024-05-31,7.5
ITM001,Filtro de aceite,WHS01,2024-06-03,2.0
ITM001,Filtro de aceite,WHS02,2024-06-03,2.0
ITM002,Pastilla de freno,WHS01,2024-06-03,8.0
ITM002,Pastilla de freno,WHS02,2024-06-03,16.0
ITM003,Bujía,WHS01,2024-06-03,16.0
ITM003,Bujía,WHS02,2024-06-03,12.0
ITM004,Amortiguador,WHS01,2024-06-03,6.0
ITM004,Amortiguador,WHS02,2024-06-03,10.0
ITM005,Kit de embrague,WHS01,2024-06-03,16.0
ITM005,Kit de embrague,WHS02,2024-06-03,14.0
ITM001,Filtro de aceite,WHS01,2024-06-04,2.0
ITM001,Filtro de aceite,WHS02,2024-06-04,16.0
ITM002,Pastilla de freno,WHS01,2024-06-04,6.0
ITM002,Pastilla de freno,WHS02,2024-06-04,16.0
ITM003,Bujía,WHS01,2024-06-04,10.0
ITM003,Bujía,WHS02,2024-06-04,4.0
ITM004,Amortiguador,WHS01,2024-06-04,10.0
ITM005,Kit de embrague,WHS01,2024-06-04,8.0
ITM001,Filtro de aceite,WHS02,2024-06-05,18.0
ITM002,Pastilla de freno,WHS01,2024-06-05,16.0
ITM002,Pastilla de freno,WHS02,2024-06-05,16.0
ITM003,Bujía,WHS01,2024-06-05,8.0
ITM003,Bujía,WHS02,2024-06-05,14.0
ITM004,Amortiguador,WHS01,2024-06-05,12.0
ITM004,Amortiguador,WHS02,2024-06-05,18.0
ITM001,Filtro de aceite,WHS01,2024-06-06,4.0
ITM002,Pastilla de freno,WHS02,2024-06-06,14.0
ITM003,Bujía,WHS01,2024-06-06,18.0
ITM003,Bujía,WHS02,2024-06-06,6.0
ITM004,Amortiguador,WHS01,2024-06-06,16.0
ITM004,Amortiguador,WHS02,2024-06-06,8.0
ITM005,Kit de embrague,WHS01,2024-06-06,14.0
ITM001,Filtro de aceite,WHS01,2024-06-07,14.0
ITM002,Pastilla de freno,WHS01,2024-06-07,2.0
ITM002,Pastilla de freno,WHS02,2024-06-07,18.0
ITM003,Bujía,WHS01,2024-06-07,6.0
ITM003,Bujía,WHS02,2024-06-07,8.0
ITM004,Amortiguador,WHS01,2024-06-07,2.0
ITM004,Amortiguador,WHS02,2024-06-07,12.0
ITM005,Kit de embrague,WHS01,2024-06-07,4.0
ITM005,Kit de embrague,WHS02,2024-06-07,2.0
ITM001,Filtro de aceite,WHS01,2024-06-10,2.0
ITM002,Pastilla de freno,WHS01,2024-06-10,14.0
ITM002,Pastilla de freno,WHS02,2024-06-10,4.0
ITM003,Bujía,WHS01,2024-06-10,10.0
ITM003,Bujía,WHS02,2024-06-10,14.0
ITM004,Amortiguador,WHS01,2024-06-10,12.0
ITM005,Kit de embrague,WHS02,2024-06-10,2.0
ITM001,Filtro de aceite,WHS01,2024-06-11,16.0
ITM001,Filtro de aceite,WHS02,2024-06-11,10.0
ITM002,Pastilla de freno,WHS01,2024-06-11,12.0
ITM002,Pastilla de freno,WHS02,2024-06-11,14.0
ITM004,Amortiguador,WHS02,2024-06-11,14.0
ITM005,Kit de embrague,WHS01,2024-06-11,10.0
ITM005,Kit de embrague,WHS02,2024-06-11,6.0
ITM001,Filtro de aceite,WHS01,2024-06-12,14.0
ITM001,Filtro de aceite,WHS02,2024-06-12,4.0
ITM002,Pastilla de freno,WHS02,2024-06-12,8.0
ITM003,Bujía,WHS01,2024-06-12,6.0
ITM003,Bujía,WHS02,2024-06-12,18.0
ITM005,Kit de embrague,WHS01,2024-06-12,2.0
ITM001,Filtro de aceite,WHS01,2024-06-13,18.0
ITM003,Bujía,WHS01,2024-06-13,6.0
ITM004,Amortiguador,WHS01,2024-06-13,2.0
ITM004,Amortiguador,WHS02,2024-06-13,18.0
ITM005,Kit de embrague,WHS01,2024-06-13,6.0
ITM001,Filtro de aceite,WHS01,2024-06-14,4.0
ITM001,Filtro de aceite,WHS02,2024-06-14,18.0
ITM002,Pastilla de freno,WHS01,2024-06-14,8.0
ITM002,Pastilla de freno,WHS02,2024-06-14,2.0
ITM004,Amortiguador,WHS01,2024-06-14,18.0
ITM004,Amortiguador,WHS02,2024-06-14,2.0
ITM005,Kit de embrague,WHS01,2024-06-14,4.0
ITM005,Kit de embrague,WHS02,2024-06-14,14.0
ITM001,Filtro de aceite,WHS01,2024-06-17,14.0
ITM001,Filtro de aceite,WHS02,2024-06-17,6.0
ITM003,Bujía,WHS02,2024-06-17,8.0
ITM004,Amortiguador,WHS02,2024-06-17,18.0
ITM005,Kit de embrague,WHS02,2024-06-17,4.0
ITM001,Filtro de aceite,WHS01,2024-06-18,14.0
ITM001,Filtro de aceite,WHS02,2024-06-18,6.0
ITM003,Bujía,WHS01,2024-06-18,10.0
ITM004,Amortiguador,WHS01,2024-06-18,2.0
ITM005,Kit de embrague,WHS01,2024-06-18,12.0
ITM005,Kit de embrague,WHS02,2024-06-18,4.0
ITM001,Filtro de aceite,WHS01,2024-06-19,2.0
ITM001,Filtro de aceite,WHS02,2024-06-19,2.0
ITM002,Pastilla de freno,WHS02,2024-06-19,14.0
ITM003,Bujía,WHS01,2024-06-19,12.0
ITM003,Bujía,WHS02,2024-06-19,12.0
ITM004,Amortiguador,WHS01,2024-06-19,10.0
ITM004,Amortiguador,WHS02,2024-06-19,2.0
ITM005,Kit de embrague,WHS01,2024-06-19,12.0
ITM001,Filtro de aceite,WHS02,2024-06-20,16.0
ITM002,Pastilla de freno,WHS01,2024-06-20,6.0
ITM003,Bujía,WHS02,2024-06-20,10.0
ITM004,Amortiguador,WHS01,2024-06-20,6.0
ITM004,Amortiguador,WHS02,2024-06-20,4.0
ITM005,Kit de embrague,WHS02,2024-06-20,14.0
ITM001,Filtro de aceite,WHS02,2024-06-21,12.0
ITM002,Pastilla de freno,WHS02,2024-06-21,14.0
ITM003,Bujía,WHS02,2024-06-21,16.0
ITM004,Amortiguador,WHS02,2024-06-21,10.0
ITM005,Kit de embrague,WHS01,2024-06-21,10.0
ITM001,Filtro de aceite,WHS01,2024-06-24,2.0
ITM001,Filtro de aceite,WHS02,2024-06-24,2.0
ITM002,Pastilla de freno,WHS02,2024-06-24,14.0
ITM003,Bujía,WHS01,2024-06-24,6.0
ITM003,Bujía,WHS02,2024-06-24,18.0
ITM004,Amortiguador,WHS02,2024-06-24,2.0
ITM005,Kit de embrague,WHS02,2024-06-24,8.0
ITM001,Filtro de aceite,WHS02,2024-06-25,8.0
ITM002,Pastilla de freno,WHS01,2024-06-25,8.0
ITM002,Pastilla de freno,WHS02,2024-06-25,10.0
ITM003,Bujía,WHS01,2024-06-25,18.0
ITM003,Bujía,WHS02,2024-06-25,12.0
ITM004,Amortiguador,WHS01,2024-06-25,8.0
ITM004,Amortiguador,WHS02,2024-06-25,10.0
ITM005,Kit de embrague,WHS01,2024-06-25,16.0
ITM001,Filtro de aceite,WHS01,2024-06-26,10.0
ITM001,Filtro de aceite,WHS02,2024-06-26,14.0
ITM002,Pastilla de freno,WHS01,2024-06-26,6.0
ITM003,Bujía,WHS01,2024-06-26,10.0
ITM004,Amortiguador,WHS01,2024-06-26,10.0
ITM004,Amortiguador,WHS02,2024-06-26,12.0
ITM005,Kit de embrague,WHS01,2024-06-26,2.0
ITM005,Kit de embrague,WHS02,2024-06-26,16.0
ITM001,Filtro de aceite,WHS01,2024-06-27,16.0
ITM002,Pastilla de freno,WHS01,2024-06-27,10.0
ITM002,Pastilla de freno,WHS02,2024-06-27,4.0
ITM003,Bujía,WHS01,2024-06-27,12.0
ITM004,Amortiguador,WHS01,2024-06-27,8.0
ITM004,Amortiguador,WHS02,2024-06-27,8.0
ITM001,Filtro de aceite,WHS02,2024-06-28,12.0
ITM002,Pastilla de freno,WHS01,2024-06-28,10.0
ITM002,Pastilla de freno,WHS02,2024-06-28,16.0
ITM003,Bujía,WHS02,2024-06-28,16.0
ITM004,Amortiguador,WHS02,2024-06-28,6.0
ITM005,Kit de embrague,WHS02,2024-06-28,10.0
ITM001,Filtro de aceite,WHS01,2024-07-01,3.0
ITM001,Filtro de aceite,WHS02,2024-07-01,7.5
ITM002,Pastilla de freno,WHS01,2024-07-01,1.5
ITM002,Pastilla de freno,WHS02,2024-07-01,10.5
ITM003,Bujía,WHS01,2024-07-01,3.0
ITM003,Bujía,WHS02,2024-07-01,10.5
ITM004,Amortiguador,WHS01,2024-07-01,12.0
ITM004,Amortiguador,WHS02,2024-07-01,13.5
ITM005,Kit de embrague,WHS01,2024-07-01,4.5
ITM005,Kit de embrague,WHS02,2024-07-01,3.0
ITM001,Filtro de aceite,WHS02,2024-07-02,6.0
ITM002,Pastilla de freno,WHS02,2024-07-02,7.5
ITM003,Bujía,WHS01,2024-07-02,6.0
ITM004,Amortiguador,WHS02,2024-07-02,6.0
ITM005,Kit de embrague,WHS01,2024-07-02,1.5
ITM005,Kit de embrague,WHS02,2024-07-02,13.5
ITM002,Pastilla de freno,WHS02,2024-07-03,9.0
ITM003,Bujía,WHS01,2024-07-03,6.0
ITM003,Bujía,WHS02,2024-07-03,10.5
ITM004,Amortiguador,WHS01,2024-07-03,6.0
ITM004,Amortiguador,WHS02,2024-07-03,6.0
ITM005,Kit de embrague,WHS01,2024-07-03,12.0
ITM005,Kit de embrague,WHS02,2024-07-03,10.5
ITM001,Filtro de aceite,WHS01,2024-07-04,13.5
ITM001,Filtro de aceite,WHS02,2024-07-04,1.5
ITM002,Pastilla de freno,WHS01,2024-07-04,12.0
ITM003,Bujía,WHS01,2024-07-04,4.5
ITM003,Bujía,WHS02,2024-07-04,1.5
ITM004,Amortiguador,WHS01,2024-07-04,10.5
ITM004,Amortiguador,WHS02,2024-07-04,9.0
ITM005,Kit de embrague,WHS01,2024-07-04,6.0
ITM005,Kit de embrague,WHS02,2024-07-04,3.0
ITM001,Filtro de aceite,WHS01,2024-07-05,6.0
ITM001,Filtro de aceite,WHS02,2024-07-05,13.5
ITM002,Pastilla de freno,WHS01,2024-07-05,12.0
ITM002,Pastilla de freno,WHS02,2024-07-05,1.5
ITM004,Amortiguador,WHS01,2024-07-05,7.5
ITM004,Amortiguador,WHS02,2024-07-05,6.0
ITM005,Kit de embrague,WHS01,2024-07-05,6.0
ITM001,Filtro de aceite,WHS02,2024-07-08,1.5
ITM002,Pastilla de freno,WHS01,2024-07-08,13.5
ITM003,Bujía,WHS01,2024-07-08,7.5
ITM004,Amortiguador,WHS01,2024-07-08,4.5
ITM004,Amortiguador,WHS02,2024-07-08,6.0
ITM005,Kit de embrague,WHS01,2024-07-08,1.5
ITM005,Kit de embrague,WHS02,2024-07-08,7.5
ITM001,Filtro de aceite,WHS01,2024-07-09,1.5
ITM001,Filtro de aceite,WHS02,2024-07-09,6.0
ITM002,Pastilla de freno,WHS01,2024-07-09,9.0
ITM003,Bujía,WHS02,2024-07-09,10.5
ITM004,Amortiguador,WHS01,2024-07-09,6.0
ITM004,Amortiguador,WHS02,2024-07-09,13.5
ITM005,Kit de embrague,WHS02,2024-07-09,6.0
ITM001,Filtro de aceite,WHS01,2024-07-10,4.5
ITM001,Filtro de aceite,WHS02,2024-07-10,13.5
ITM002,Pastilla de freno,WHS01,2024-07-10,12.0
ITM002,Pastilla de freno,WHS02,2024-07-10,4.5
ITM004,Amortiguador,WHS01,2024-07-10,3.0
ITM005,Kit de embrague,WHS01,2024-07-10,6.0
ITM001,Filtro de aceite,WHS01,2024-07-11,3.0
ITM001,Filtro de aceite,WHS02,2024-07-11,7.5
ITM002,Pastilla de freno,WHS01,2024-07-11,10.5
ITM002,Pastilla de freno,WHS02,2024-07-11,4.5
ITM003,Bujía,WHS01,2024-07-11,3.0
ITM003,Bujía,WHS02,2024-07-11,3.0
ITM004,Amortiguador,WHS02,2024-07-11,1.5
ITM005,Kit de embrague,WHS01,2024-07-11,9.0
ITM001,Filtro de aceite,WHS02,2024-07-12,1.5
ITM002,Pastilla de freno,WHS01,2024-07-12,4.5
ITM003,Bujía,WHS01,2024-07-12,1.5
ITM003,Bujía,WHS02,2024-07-12,6.0
ITM004,Amortiguador,WHS01,2024-07-12,10.5
ITM005,Kit de embrague,WHS01,2024-07-12,6.0
ITM002,Pastilla de freno,WHS02,2024-07-15,1.5
ITM004,Amortiguador,WHS02,2024-07-15,13.5
ITM005,Kit de embrague,WHS01,2024-07-15,10.5
ITM005,Kit de embrague,WHS02,2024-07-15,6.0
ITM001,Filtro de aceite,WHS01,2024-07-16,6.0
ITM001,Filtro de aceite,WHS02,2024-07-16,1.5
ITM002,Pastilla de freno,WHS01,2024-07-16,9.0
ITM002,Pastilla de freno,WHS02,2024-07-16,9.0
ITM003,Bujía,WHS01,2024-07-16,1.5
ITM004,Amortiguador,WHS01,2024-07-16,4.5
ITM004,Amortiguador,WHS02,2024-07-16,7.5
ITM005,Kit de embrague,WHS01,2024-07-16,9.0
ITM005,Kit de embrague,WHS02,2024-07-16,4.5
ITM002,Pastilla de freno,WHS01,2024-07-17,13.5
ITM003,Bujía,WHS01,2024-07-17,6.0
ITM003,Bujía,WHS02,2024-07-17,13.5
ITM004,Amortiguador,WHS01,2024-07-17,12.0
ITM004,Amortiguador,WHS02,2024-07-17,7.5
ITM005,Kit de embrague,WHS02,2024-07-17,10.5
ITM001,Filtro de aceite,WHS01,2024-07-18,12.0
ITM001,Filtro de aceite,WHS02,2024-07-18,13.5
ITM002,Pastilla de freno,WHS01,2024-07-18,6.0
ITM002,Pastilla de freno,WHS02,2024-07-18,3.0
ITM003,Bujía,WHS01,2024-07-18,4.5
ITM004,Amortiguador,WHS01,2024-07-18,10.5
ITM004,Amortiguador,WHS02,2024-07-18,10.5
ITM005,Kit de embrague,WHS02,2024-07-18,1.5
ITM001,Filtro de aceite,WHS01,2024-07-19,7.5
ITM001,Filtro de aceite,WHS02,2024-07-19,13.5
ITM003,Bujía,WHS02,2024-07-19,13.5
ITM004,Amortiguador,WHS01,2024-07-19,1.5
ITM004,Amortiguador,WHS02,2024-07-19,9.0
ITM005,Kit de embrague,WHS02,2024-07-19,12.0
ITM001,Filtro de aceite,WHS01,2024-07-22,4.5
ITM002,Pastilla de freno,WHS02,2024-07-22,7.5
ITM003,Bujía,WHS01,2024-07-22,12.0
ITM003,Bujía,WHS02,2024-07-22,10.5
ITM004,Amortiguador,WHS02,2024-07-22,7.5
ITM005,Kit de embrague,WHS01,2024-07-22,12.0
ITM005,Kit de embrague,WHS02,2024-07-22,7.5
ITM001,Filtro de aceite,WHS02,2024-07-23,3.0
ITM002,Pastilla de freno,WHS01,2024-07-23,10.5
ITM003,Bujía,WHS02,2024-07-23,13.5
ITM004,Amortiguador,WHS01,2024-07-23,3.0
ITM004,Amortiguador,WHS02,2024-07-23,7.5
ITM005,Kit de embrague,WHS02,2024-07-23,10.5
ITM001,Filtro de aceite,WHS01,2024-07-24,1.5
ITM001,Filtro de aceite,WHS02,2024-07-24,13.5
ITM003,Bujía,WHS01,2024-07-24,1.5
ITM004,Amortiguador,WHS01,2024-07-24,12.0
ITM005,Kit de embrague,WHS02,2024-07-24,10.5
ITM001,Filtro de aceite,WHS01,2024-07-25,6.0
ITM001,Filtro de aceite,WHS02,2024-07-25,7.5
ITM003,Bujía,WHS01,2024-07-25,1.5
ITM003,Bujía,WHS02,2024-07-25,12.0
ITM004,Amortiguador,WHS02,2024-07-25,1.5
ITM005,Kit de embrague,WHS02,2024-07-25,1.5
ITM001,Filtro de aceite,WHS01,2024-07-26,9.0
ITM003,Bujía,WHS02,2024-07-26,13.5
ITM004,Amortiguador,WHS01,2024-07-26,9.0
ITM005,Kit de embrague,WHS01,2024-07-26,12.0
ITM001,Filtro de aceite,WHS01,2024-07-29,7.5
ITM001,Filtro de aceite,WHS02,2024-07-29,9.0
ITM002,Pastilla de freno,WHS01,2024-07-29,3.0
ITM002,Pastilla de freno,WHS02,2024-07-29,7.5
ITM003,Bujía,WHS01,2024-07-29,3.0
ITM003,Bujía,WHS02,2024-07-29,9.0
ITM004,Amortiguador,WHS01,2024-07-29,12.0
ITM004,Amortiguador,WHS02,2024-07-29,1.5
ITM005,Kit de embrague,WHS02,2024-07-29,13.5
ITM001,Filtro de aceite,WHS02,2024-07-30,9.0
ITM002,Pastilla de freno,WHS02,2024-07-30,12.0
ITM004,Amortiguador,WHS01,2024-07-30,3.0
ITM004,Amortiguador,WHS02,2024-07-30,6.0
ITM005,Kit de embrague,WHS01,2024-07-30,10.5
ITM005,Kit de embrague,WHS02,2024-07-30,1.5
ITM001,Filtro de aceite,WHS01,2024-07-31,7.5
ITM001,Filtro de aceite,WHS02,2024-07-31,7.5
ITM002,Pastilla de freno,WHS01,2024-07-31,1.5
ITM003,Bujía,WHS01,2024-07-31,10.5
ITM005,Kit de embrague,WHS01,2024-07-31,13.5
ITM005,Kit de embrague,WHS02,2024-07-31,13.5
ITM001,Filtro de aceite,WHS01,2024-08-01,3.4
ITM002,Pastilla de freno,WHS01,2024-08-01,5.67
ITM002,Pastilla de freno,WHS02,2024-08-01,4.54
ITM003,Bujía,WHS01,2024-08-01,2.27
ITM004,Amortiguador,WHS01,2024-08-01,4.54
ITM004,Amortiguador,WHS02,2024-08-01,4.54
ITM005,Kit de embrague,WHS01,2024-08-01,6.8
ITM005,Kit de embrague,WHS02,2024-08-01,6.8
ITM001,Filtro de aceite,WHS01,2024-08-02,6.8
ITM001,Filtro de aceite,WHS02,2024-08-02,6.8
ITM003,Bujía,WHS01,2024-08-02,9.07
ITM003,Bujía,WHS02,2024-08-02,3.4
ITM004,Amortiguador,WHS01,2024-08-02,7.94
ITM005,Kit de embrague,WHS01,2024-08-02,7.94
ITM005,Kit de embrague,WHS02,2024-08-02,1.13
ITM001,Filtro de aceite,WHS02,2024-08-05,4.54
ITM002,Pastilla de freno,WHS01,2024-08-05,1.13
ITM003,Bujía,WHS02,2024-08-05,3.4
ITM004,Amortiguador,WHS02,2024-08-05,9.07
ITM005,Kit de embrague,WHS01,2024-08-05,9.07
ITM001,Filtro de aceite,WHS01,2024-08-06,5.67
ITM002,Pastilla de freno,WHS01,2024-08-06,3.4
ITM003,Bujía,WHS01,2024-08-06,6.8
ITM004,Amortiguador,WHS01,2024-08-06,4.54
ITM004,Amortiguador,WHS02,2024-08-06,7.94
ITM001,Filtro de aceite,WHS02,2024-08-07,10.21
ITM002,Pastilla de freno,WHS01,2024-08-07,9.07
ITM002,Pastilla de freno,WHS02,2024-08-07,6.8
ITM003,Bujía,WHS02,2024-08-07,7.94
ITM004,Amortiguador,WHS01,2024-08-07,1.13
ITM004,Amortiguador,WHS02,2024-08-07,1.13
ITM005,Kit de embrague,WHS01,2024-08-07,10.21
ITM001,Filtro de aceite,WHS01,2024-08-08,9.07
ITM002,Pastilla de freno,WHS02,2024-08-08,7.94
ITM003,Bujía,WHS01,2024-08-08,7.94
ITM003,Bujía,WHS02,2024-08-08,10.21
ITM004,Amortiguador,WHS01,2024-08-08,6.8
ITM005,Kit de embrague,WHS01,2024-08-08,5.67
ITM005,Kit de embrague,WHS02,2024-08-08,4.54
ITM001,Filtro de aceite,WHS01,2024-08-09,4.54
ITM002,Pastilla de freno,WHS01,2024-08-09,3.4
ITM002,Pastilla de freno,WHS02,2024-08-09,1.13
ITM003,Bujía,WHS01,2024-08-09,10.21
ITM003,Bujía,WHS02,2024-08-09,1.13
ITM004,Amortiguador,WHS01,2024-08-09,3.4
ITM005,Kit de embrague,WHS01,2024-08-09,10.21
ITM005,Kit de embrague,WHS02,2024-08-09,4.54
ITM001,Filtro de aceite,WHS01,2024-08-12,4.54
ITM002,Pastilla de freno,WHS01,2024-08-12,9.07
ITM002,Pastilla de freno,WHS02,2024-08-12,9.07
ITM003,Bujía,WHS01,2024-08-12,6.8
ITM003,Bujía,WHS02,2024-08-12,10.21
ITM004,Amortiguador,WHS02,2024-08-12,3.4
ITM005,Kit de embrague,WHS02,2024-08-12,4.54
ITM001,Filtro de aceite,WHS01,2024-08-13,1.13
ITM002,Pastilla de freno,WHS01,2024-08-13,3.4
ITM002,Pastilla de freno,WHS02,2024-08-13,3.4
ITM003,Bujía,WHS01,2024-08-13,9.07
ITM003,Bujía,WHS02,2024-08-13,5.67
ITM004,Amortiguador,WHS01,2024-08-13,1.13
ITM005,Kit de embrague,WHS01,2024-08-13,6.8
ITM005,Kit de embrague,WHS02,2024-08-13,5.67
ITM001,Filtro de aceite,WHS01,2024-08-14,5.67
ITM001,Filtro de aceite,WHS02,2024-08-14,7.94
ITM002,Pastilla de freno,WHS01,2024-08-14,10.21
ITM002,Pastilla de freno,WHS02,2024-08-14,4.54
ITM003,Bujía,WHS01,2024-08-14,10.21
ITM003,Bujía,WHS02,2024-08-14,4.54
ITM004,Amortiguador,WHS02,2024-08-14,9.07
ITM005,Kit de embrague,WHS01,2024-08-14,9.07
ITM001,Filtro de aceite,WHS02,2024-08-15,6.8
ITM002,Pastilla de freno,WHS01,2024-08-15,9.07
ITM003,Bujía,WHS02,2024-08-15,3.4
ITM004,Amortiguador,WHS01,2024-08-15,4.54
ITM004,Amortiguador,WHS02,2024-08-15,7.94
ITM005,Kit de embrague,WHS02,2024-08-15,3.4
ITM001,Filtro de aceite,WHS02,2024-08-16,4.54
ITM002,Pastilla de freno,WHS01,2024-08-16,7.94
ITM002,Pastilla de freno,WHS02,2024-08-16,9.07
ITM003,Bujía,WHS02,2024-08-16,7.94
ITM004,Amortiguador,WHS01,2024-08-16,1.13
ITM005,Kit de embrague,WHS02,2024-08-16,2.27
ITM001,Filtro de aceite,WHS01,2024-08-19,3.4
ITM001,Filtro de aceite,WHS02,2024-08-19,4.54
ITM002,Pastilla de freno,WHS01,2024-08-19,3.4
ITM003,Bujía,WHS02,2024-08-19,1.13
ITM004,Amortiguador,WHS01,2024-08-19,10.21
ITM004,Amortiguador,WHS02,2024-08-19,3.4
ITM005,Kit de embrague,WHS01,2024-08-19,3.4
ITM005,Kit de embrague,WHS02,2024-08-19,1.13
ITM001,Filtro de aceite,WHS02,2024-08-20,10.21
ITM002,Pastilla de freno,WHS01,2024-08-20,10.21
ITM003,Bujía,WHS01,2024-08-20,4.54
ITM004,Amortiguador,WHS01,2024-08-20,2.27
ITM005,Kit de embrague,WHS01,2024-08-20,6.8
ITM005,Kit de embrague,WHS02,2024-08-20,10.21
ITM001,Filtro de aceite,WHS01,2024-08-21,9.07
ITM001,Filtro de aceite,WHS02,2024-08-21,10.21
ITM002,Pastilla de freno,WHS02,2024-08-21,3.4
ITM003,Bujía,WHS01,2024-08-21,10.21
ITM003,Bujía,WHS02,2024-08-21,2.27
ITM004,Amortiguador,WHS01,2024-08-21,3.4
ITM004,Amortiguador,WHS02,2024-08-21,1.13
ITM005,Kit de embrague,WHS02,2024-08-21,5.67
ITM001,Filtro de aceite,WHS01,2024-08-22,7.94
ITM001,Filtro de aceite,WHS02,2024-08-22,9.07
ITM002,Pastilla de freno,WHS02,2024-08-22,2.27
ITM003,Bujía,WHS01,2024-08-22,9.07
ITM003,Bujía,WHS02,2024-08-22,3.4
ITM004,Amortiguador,WHS01,2024-08-22,3.4
ITM004,Amortiguador,WHS02,2024-08-22,7.94
ITM005,Kit de embrague,WHS01,2024-08-22,4.54
ITM001,Filtro de aceite,WHS01,2024-08-23,7.94
ITM001,Filtro de aceite,WHS02,2024-08-23,9.07
ITM002,Pastilla de freno,WHS02,2024-08-23,6.8
ITM003,Bujía,WHS02,2024-08-23,9.07
ITM005,Kit de embrague,WHS01,2024-08-23,9.07
ITM001,Filtro de aceite,WHS01,2024-08-26,10.21
ITM001,Filtro de aceite,WHS02,2024-08-26,3.4
ITM002,Pastilla de freno,WHS01,2024-08-26,7.94
ITM002,Pastilla de freno,WHS02,2024-08-26,3.4
ITM003,Bujía,WHS01,2024-08-26,3.4
ITM003,Bujía,WHS02,2024-08-26,9.07
ITM004,Amortiguador,WHS01,2024-08-26,7.94
ITM004,Amortiguador,WHS02,2024-08-26,1.13
ITM005,Kit de embrague,WHS02,2024-08-26,6.8
ITM002,Pastilla de freno,WHS01,2024-08-27,3.4
ITM002,Pastilla de freno,WHS02,2024-08-27,1.13
ITM003,Bujía,WHS02,2024-08-27,7.94
ITM004,Amortiguador,WHS02,2024-08-27,6.8
ITM005,Kit de embrague,WHS01,2024-08-27,10.21
ITM001,Filtro de aceite,WHS01,2024-08-28,10.21
ITM002,Pastilla de freno,WHS02,2024-08-28,7.94
ITM003,Bujía,WHS01,2024-08-28,10.21
ITM003,Bujía,WHS02,2024-08-28,5.67
ITM004,Amortiguador,WHS01,2024-08-28,2.27
ITM004,Amortiguador,WHS02,2024-08-28,1.13
ITM005,Kit de embrague,WHS01,2024-08-28,9.07
ITM005,Kit de embrague,WHS02,2024-08-28,5.67
ITM001,Filtro de aceite,WHS01,2024-08-29,4.54
ITM002,Pastilla de freno,WHS01,2024-08-29,1.13
ITM002,Pastilla de freno,WHS02,2024-08-29,4.54
ITM003,Bujía,WHS01,2024-08-29,5.67
ITM003,Bujía,WHS02,2024-08-29,1.13
ITM004,Amortiguador,WHS01,2024-08-29,2.27
ITM004,Amortiguador,WHS02,2024-08-29,4.54
ITM005,Kit de embrague,WHS02,2024-08-29,4.54
ITM002,Pastilla de freno,WHS02,2024-08-30,5.67
ITM003,Bujía,WHS01,2024-08-30,1.13
ITM003,Bujía,WHS02,2024-08-30,2.27
ITM004,Amortiguador,WHS01,2024-08-30,9.07
ITM004,Amortiguador,WHS02,2024-08-30,4.54
ITM005,Kit de embrague,WHS02,2024-08-30,5.67
ITM001,Filtro de aceite,WHS01,2024-09-02,5.0
ITM001,Filtro de aceite,WHS02,2024-09-02,9.0
ITM002,Pastilla de freno,WHS02,2024-09-02,6.0
ITM004,Amortiguador,WHS01,2024-09-02,4.0
ITM004,Amortiguador,WHS02,2024-09-02,5.0
ITM005,Kit de embrague,WHS01,2024-09-02,6.0
ITM005,Kit de embrague,WHS02,2024-09-02,2.0
ITM001,Filtro de aceite,WHS02,2024-09-03,8.0
ITM002,Pastilla de freno,WHS02,2024-09-03,3.0
ITM003,Bujía,WHS01,2024-09-03,5.0
ITM003,Bujía,WHS02,2024-09-03,2.0
ITM004,Amortiguador,WHS02,2024-09-03,7.0
ITM005,Kit de embrague,WHS01,2024-09-03,4.0
ITM005,Kit de embrague,WHS02,2024-09-03,4.0
ITM001,Filtro de aceite,WHS01,2024-09-04,4.0
ITM001,Filtro de aceite,WHS02,2024-09-04,2.0
ITM002,Pastilla de freno,WHS01,2024-09-04,7.0
ITM002,Pastilla de freno,WHS02,2024-09-04,3.0
ITM003,Bujía,WHS02,2024-09-04,8.0
ITM004,Amortiguador,WHS01,2024-09-04,9.0
ITM004,Amortiguador,WHS02,2024-09-04,2.0
ITM005,Kit de embrague,WHS02,2024-09-04,3.0
ITM001,Filtro de aceite,WHS01,2024-09-05,1.0
ITM001,Filtro de aceite,WHS02,2024-09-05,8.0
ITM002,Pastilla de freno,WHS01,2024-09-05,1.0
ITM003,Bujía,WHS02,2024-09-05,8.0
ITM004,Amortiguador,WHS01,2024-09-05,2.0
ITM005,Kit de embrague,WHS01,2024-09-05,1.0
ITM005,Kit de embrague,WHS02,2024-09-05,1.0
ITM001,Filtro de aceite,WHS01,2024-09-06,6.0
ITM002,Pastilla de freno,WHS01,2024-09-06,2.0
ITM002,Pastilla de freno,WHS02,2024-09-06,4.0
ITM003,Bujía,WHS01,2024-09-06,9.0
ITM003,Bujía,WHS02,2024-09-06,4.0
ITM004,Amortiguador,WHS01,2024-09-06,5.0
ITM004,Amortiguador,WHS02,2024-09-06,2.0
ITM005,Kit de embrague,WHS01,2024-09-06,3.0
ITM001,Filtro de aceite,WHS01,2024-09-09,5.0
ITM001,Filtro de aceite,WHS02,2024-09-09,4.0
ITM002,Pastilla de freno,WHS01,2024-09-09,6.0
ITM004,Amortiguador,WHS01,2024-09-09,2.0
ITM004,Amortiguador,WHS02,2024-09-09,5.0
ITM005,Kit de embrague,WHS01,2024-09-09,7.0
ITM005,Kit de embrague,WHS02,2024-09-09,3.0
ITM001,Filtro de aceite,WHS01,2024-09-10,7.0
ITM002,Pastilla de freno,WHS01,2024-09-10,9.0
ITM002,Pastilla de freno,WHS02,2024-09-10,1.0
ITM003,Bujía,WHS01,2024-09-10,5.0
ITM004,Amortiguador,WHS01,2024-09-10,9.0
ITM005,Kit de embrague,WHS01,2024-09-10,7.0
ITM005,Kit de embrague,WHS02,2024-09-10,6.0
ITM001,Filtro de aceite,WHS01,2024-09-11,2.0
ITM001,Filtro de aceite,WHS02,2024-09-11,2.0
ITM002,Pastilla de freno,WHS02,2024-09-11,4.0
ITM003,Bujía,WHS01,2024-09-11,8.0
ITM003,Bujía,WHS02,2024-09-11,7.0
ITM004,Amortiguador,WHS01,2024-09-11,8.0
ITM004,Amortiguador,WHS02,2024-09-11,6.0
ITM005,Kit de embrague,WHS02,2024-09-11,1.0
ITM001,Filtro de aceite,WHS01,2024-09-12,3.0
ITM001,Filtro de aceite,WHS02,2024-09-12,2.0
ITM002,Pastilla de freno,WHS02,2024-09-12,8.0
ITM003,Bujía,WHS01,2024-09-12,4.0
ITM004,Amortiguador,WHS01,2024-09-12,3.0
ITM004,Amortiguador,WHS02,2024-09-12,5.0
ITM005,Kit de embrague,WHS01,2024-09-12,2.0
ITM005,Kit de embrague,WHS02,2024-09-12,7.0
ITM002,Pastilla de freno,WHS01,2024-09-13,4.0
ITM003,Bujía,WHS01,2024-09-13,6.0
ITM004,Amortiguador,WHS01,2024-09-13,4.0
ITM004,Amortiguador,WHS02,2024-09-13,6.0
ITM005,Kit de embrague,WHS01,2024-09-13,1.0
ITM005,Kit de embrague,WHS02,2024-09-13,7.0
ITM001,Filtro de aceite,WHS02,2024-09-16,8.0
ITM002,Pastilla de freno,WHS01,2024-09-16,1.0
ITM002,Pastilla de freno,WHS02,2024-09-16,3.0
ITM004,Amortiguador,WHS01,2024-09-16,4.0
ITM004,Amortiguador,WHS02,2024-09-16,2.0
ITM005,Kit de embrague,WHS01,2024-09-16,8.0
ITM005,Kit de embrague,WHS02,2024-09-16,7.0
ITM001,Filtro de aceite,WHS01,2024-09-17,8.0
ITM001,Filtro de aceite,WHS02,2024-09-17,1.0
ITM003,Bujía,WHS01,2024-09-17,1.0
ITM003,Bujía,WHS02,2024-09-17,3.0
ITM004,Amortiguador,WHS01,2024-09-17,6.0
ITM004,Amortiguador,WHS02,2024-09-17,1.0
ITM005,Kit de embrague,WHS01,2024-09-17,2.0
ITM001,Filtro de aceite,WHS01,2024-09-18,8.0
ITM001,Filtro de aceite,WHS02,2024-09-18,7.0
ITM002,Pastilla de freno,WHS01,2024-09-18,8.0
ITM002,Pastilla de freno,WHS02,2024-09-18,8.0
ITM003,Bujía,WHS01,2024-09-18,9.0
ITM003,Bujía,WHS02,2024-09-18,1.0
ITM004,Amortiguador,WHS01,2024-09-18,3.0
ITM004,Amortiguador,WHS02,2024-09-18,9.0
ITM005,Kit de embrague,WHS02,2024-09-18,2.0
ITM001,Filtro de aceite,WHS01,2024-09-19,9.0
ITM001,Filtro de aceite,WHS02,2024-09-19,3.0
ITM002,Pastilla de freno,WHS01,2024-09-19,5.0
ITM003,Bujía,WHS01,2024-09-19,9.0
ITM004,Amortiguador,WHS01,2024-09-19,4.0
ITM004,Amortiguador,WHS02,2024-09-19,4.0
ITM005,Kit de embrague,WHS01,2024-09-19,8.0
ITM002,Pastilla de freno,WHS02,2024-09-20,1.0
ITM003,Bujía,WHS01,2024-09-20,5.0
ITM003,Bujía,WHS02,2024-09-20,7.0
ITM004,Amortiguador,WHS01,2024-09-20,6.0
ITM005,Kit de embrague,WHS01,2024-09-20,6.0
ITM001,Filtro de aceite,WHS01,2024-09-23,8.0
ITM001,Filtro de aceite,WHS02,2024-09-23,4.0
ITM002,Pastilla de freno,WHS02,2024-09-23,8.0
ITM003,Bujía,WHS01,2024-09-23,8.0
ITM003,Bujía,WHS02,2024-09-23,6.0
ITM005,Kit de embrague,WHS02,2024-09-23,1.0
ITM002,Pastilla de freno,WHS02,2024-09-24,5.0
ITM004,Amortiguador,WHS01,2024-09-24,3.0
ITM005,Kit de embrague,WHS01,2024-09-24,3.0
ITM005,Kit de embrague,WHS02,2024-09-24,2.0
ITM001,Filtro de aceite,WHS01,2024-09-25,9.0
ITM001,Filtro de aceite,WHS02,2024-09-25,2.0
ITM002,Pastilla de freno,WHS02,2024-09-25,6.0
ITM003,Bujía,WHS01,2024-09-25,2.0
ITM003,Bujía,WHS02,2024-09-25,3.0
ITM004,Amortiguador,WHS01,2024-09-25,5.0
ITM004,Amortiguador,WHS02,2024-09-25,8.0
ITM005,Kit de embrague,WHS01,2024-09-25,1.0
ITM005,Kit de embrague,WHS02,2024-09-25,4.0
ITM001,Filtro de aceite,WHS01,2024-09-26,6.0
ITM001,Filtro de aceite,WHS02,2024-09-26,3.0
ITM002,Pastilla de freno,WHS01,2024-09-26,6.0
ITM002,Pastilla de freno,WHS02,2024-09-26,2.0
ITM003,Bujía,WHS01,2024-09-26,8.0
ITM003,Bujía,WHS02,2024-09-26,1.0
ITM004,Amortiguador,WHS01,2024-09-26,8.0
ITM004,Amortiguador,WHS02,2024-09-26,3.0
ITM005,Kit de embrague,WHS01,2024-09-26,6.0
ITM005,Kit de embrague,WHS02,2024-09-26,8.0
ITM001,Filtro de aceite,WHS01,2024-09-27,9.0
ITM001,Filtro de aceite,WHS02,2024-09-27,6.0
ITM003,Bujía,WHS01,2024-09-27,9.0
ITM004,Amortiguador,WHS01,2024-09-27,7.0
ITM004,Amortiguador,WHS02,2024-09-27,5.0
ITM001,Filtro de aceite,WHS01,2024-09-30,6.0
ITM001,Filtro de aceite,WHS02,2024-09-30,9.0
ITM002,Pastilla de freno,WHS01,2024-09-30,1.0
ITM002,Pastilla de freno,WHS02,2024-09-30,7.0
ITM003,Bujía,WHS01,2024-09-30,6.0
ITM003,Bujía,WHS02,2024-09-30,3.0
ITM004,Amortiguador,WHS01,2024-09-30,8.0
ITM005,Kit de embrague,WHS01,2024-09-30,9.0
ITM001,Filtro de aceite,WHS01,2024-10-01,4.54
ITM001,Filtro de aceite,WHS02,2024-10-01,5.67
ITM002,Pastilla de freno,WHS01,2024-10-01,3.4
ITM003,Bujía,WHS02,2024-10-01,1.13
ITM004,Amortiguador,WHS01,2024-10-01,3.4
ITM004,Amortiguador,WHS02,2024-10-01,6.8
ITM005,Kit de embrague,WHS01,2024-10-01,10.21
ITM005,Kit de embrague,WHS02,2024-10-01,2.27
ITM001,Filtro de aceite,WHS01,2024-10-02,3.4
ITM002,Pastilla de freno,WHS01,2024-10-02,4.54
ITM002,Pastilla de freno,WHS02,2024-10-02,3.4
ITM003,Bujía,WHS01,2024-10-02,10.21
ITM003,Bujía,WHS02,2024-10-02,7.94
ITM004,Amortiguador,WHS02,2024-10-02,6.8
ITM005,Kit de embrague,WHS01,2024-10-02,9.07
ITM001,Filtro de aceite,WHS01,2024-10-03,5.67
ITM001,Filtro de aceite,WHS02,2024-10-03,3.4
ITM002,Pastilla de freno,WHS02,2024-10-03,2.27
ITM003,Bujía,WHS01,2024-10-03,3.4
ITM004,Amortiguador,WHS02,2024-10-03,2.27
ITM005,Kit de embrague,WHS01,2024-10-03,1.13
ITM005,Kit de embrague,WHS02,2024-10-03,9.07
ITM001,Filtro de aceite,WHS01,2024-10-04,1.13
ITM002,Pastilla de freno,WHS01,2024-10-04,9.07
ITM002,Pastilla de freno,WHS02,2024-10-04,9.07
ITM003,Bujía,WHS02,2024-10-04,9.07
ITM004,Amortiguador,WHS01,2024-10-04,3.4
ITM004,Amortiguador,WHS02,2024-10-04,1.13
ITM005,Kit de embrague,WHS02,2024-10-04,5.67
ITM001,Filtro de aceite,WHS01,2024-10-07,4.54
ITM001,Filtro de aceite,WHS02,2024-10-07,10.21
ITM003,Bujía,WHS02,2024-10-07,1.13
ITM004,Amortiguador,WHS01,2024-10-07,2.27
ITM004,Amortiguador,WHS02,2024-10-07,6.8
ITM005,Kit de embrague,WHS01,2024-10-07,7.94
ITM005,Kit de embrague,WHS02,2024-10-07,5.67
ITM001,Filtro de aceite,WHS01,2024-10-08,9.07
ITM001,Filtro de aceite,WHS02,2024-10-08,4.54
ITM004,Amortiguador,WHS01,2024-10-08,7.94
ITM004,Amortiguador,WHS02,2024-10-08,4.54
ITM005,Kit de embrague,WHS01,2024-10-08,7.94
ITM005,Kit de embrague,WHS02,2024-10-08,10.21
ITM001,Filtro de aceite,WHS01,2024-10-09,4.54
ITM001,Filtro de aceite,WHS02,2024-10-09,5.67
ITM002,Pastilla de freno,WHS01,2024-10-09,9.07
ITM003,Bujía,WHS02,2024-10-09,10.21
ITM004,Amortiguador,WHS01,2024-10-09,7.94
ITM004,Amortiguador,WHS02,2024-10-09,4.54
ITM005,Kit de embrague,WHS01,2024-10-09,10.21
ITM005,Kit de embrague,WHS02,2024-10-09,6.8
ITM001,Filtro de aceite,WHS01,2024-10-10,4.54
ITM001,Filtro de aceite,WHS02,2024-10-10,4.54
ITM002,Pastilla de freno,WHS01,2024-10-10,1.13
ITM002,Pastilla de freno,WHS02,2024-10-10,6.8
ITM003,Bujía,WHS01,2024-10-10,4.54
ITM004,Amortiguador,WHS02,2024-10-10,9.07
ITM001,Filtro de aceite,WHS01,2024-10-11,9.07
ITM001,Filtro de aceite,WHS02,2024-10-11,3.4
ITM002,Pastilla de freno,WHS01,2024-10-11,2.27
ITM002,Pastilla de freno,WHS02,2024-10-11,4.54
ITM003,Bujía,WHS01,2024-10-11,6.8
ITM003,Bujía,WHS02,2024-10-11,4.54
ITM004,Amortiguador,WHS01,2024-10-11,4.54
ITM004,Amortiguador,WHS02,2024-10-11,3.4
ITM005,Kit de embrague,WHS01,2024-10-11,7.94
ITM005,Kit de embrague,WHS02,2024-10-11,6.8
ITM001,Filtro de aceite,WHS01,2024-10-14,1.13
ITM001,Filtro de aceite,WHS02,2024-10-14,4.54
ITM002,Pastilla de freno,WHS01,2024-10-14,5.67
ITM003,Bujía,WHS01,2024-10-14,9.07
ITM005,Kit de embrague,WHS01,2024-10-14,3.4
ITM005,Kit de embrague,WHS02,2024-10-14,3.4
ITM001,Filtro de aceite,WHS01,2024-10-15,1.13
ITM001,Filtro de aceite,WHS02,2024-10-15,7.94
ITM002,Pastilla de freno,WHS01,2024-10-15,4.54
ITM002,Pastilla de freno,WHS02,2024-10-15,6.8
ITM003,Bujía,WHS01,2024-10-15,6.8
ITM004,Amortiguador,WHS02,2024-10-15,7.94
ITM005,Kit de embrague,WHS01,2024-10-15,3.4
ITM001,Filtro de aceite,WHS01,2024-10-16,1.13
ITM001,Filtro de aceite,WHS02,2024-10-16,10.21
ITM002,Pastilla de freno,WHS01,2024-10-16,10.21
ITM002,Pastilla de freno,WHS02,2024-10-16,6.8
ITM003,Bujía,WHS01,2024-10-16,4.54
ITM003,Bujía,WHS02,2024-10-16,5.67
ITM004,Amortiguador,WHS01,2024-10-16,3.4
ITM004,Amortiguador,WHS02,2024-10-16,5.67
ITM005,Kit de embrague,WHS01,2024-10-16,3.4
ITM005,Kit de embrague,WHS02,2024-10-16,6.8
ITM001,Filtro de aceite,WHS01,2024-10-17,1.13
ITM001,Filtro de aceite,WHS02,2024-10-17,1.13
ITM002,Pastilla de freno,WHS01,2024-10-17,7.94
ITM002,Pastilla de freno,WHS02,2024-10-17,1.13
ITM003,Bujía,WHS01,2024-10-17,7.94
ITM003,Bujía,WHS02,2024-10-17,9.07
ITM004,Amortiguador,WHS01,2024-10-17,10.21
ITM004,Amortiguador,WHS02,2024-10-17,3.4
ITM001,Filtro de aceite,WHS01,2024-10-18,4.54
ITM002,Pastilla de freno,WHS01,2024-10-18,5.67
ITM002,Pastilla de freno,WHS02,2024-10-18,1.13
ITM003,Bujía,WHS01,2024-10-18,4.54
ITM003,Bujía,WHS02,2024-10-18,3.4
ITM004,Amortiguador,WHS01,2024-10-18,1.13
ITM004,Amortiguador,WHS02,2024-10-18,10.21
ITM005,Kit de embrague,WHS01,2024-10-18,1.13
ITM005,Kit de embrague,WHS02,2024-10-18,7.94
ITM001,Filtro de aceite,WHS01,2024-10-21,1.13
ITM003,Bujía,WHS01,2024-10-21,10.21
ITM003,Bujía,WHS02,2024-10-21,1.13
ITM004,Amortiguador,WHS01,2024-10-21,4.54
ITM004,Amortiguador,WHS02,2024-10-21,6.8
ITM001,Filtro de aceite,WHS01,2024-10-22,10.21
ITM001,Filtro de aceite,WHS02,2024-10-22,3.4
ITM002,Pastilla de freno,WHS01,2024-10-22,10.21
ITM002,Pastilla de freno,WHS02,2024-10-22,5.67
ITM003,Bujía,WHS01,2024-10-22,10.21
ITM004,Amortiguador,WHS01,2024-10-22,2.27
ITM004,Amortiguador,WHS02,2024-10-22,4.54
ITM005,Kit de embrague,WHS01,2024-10-22,5.67
ITM001,Filtro de aceite,WHS01,2024-10-23,6.8
ITM001,Filtro de aceite,WHS02,2024-10-23,5.67
ITM003,Bujía,WHS01,2024-10-23,3.4
ITM003,Bujía,WHS02,2024-10-23,7.94
ITM004,Amortiguador,WHS01,2024-10-23,10.21
ITM004,Amortiguador,WHS02,2024-10-23,7.94
ITM005,Kit de embrague,WHS01,2024-10-23,4.54
ITM005,Kit de embrague,WHS02,2024-10-23,1.13
ITM001,Filtro de aceite,WHS01,2024-10-24,7.94
ITM003,Bujía,WHS01,2024-10-24,9.07
ITM003,Bujía,WHS02,2024-10-24,10.21
ITM004,Amortiguador,WHS01,2024-10-24,4.54
ITM005,Kit de embrague,WHS02,2024-10-24,6.8
ITM001,Filtro de aceite,WHS02,2024-10-25,5.67
ITM002,Pastilla de freno,WHS01,2024-10-25,6.8
ITM002,Pastilla de freno,WHS02,2024-10-25,2.27
ITM003,Bujía,WHS01,2024-10-25,7.94
ITM003,Bujía,WHS02,2024-10-25,1.13
ITM004,Amortiguador,WHS01,2024-10-25,1.13
ITM004,Amortiguador,WHS02,2024-10-25,5.67
ITM005,Kit de embrague,WHS01,2024-10-25,10.21
ITM001,Filtro de aceite,WHS01,2024-10-28,10.21
ITM001,Filtro de aceite,WHS02,2024-10-28,5.67
ITM002,Pastilla de freno,WHS01,2024-10-28,3.4
ITM002,Pastilla de freno,WHS02,2024-10-28,2.27
ITM004,Amortiguador,WHS01,2024-10-28,4.54
ITM004,Amortiguador,WHS02,2024-10-28,5.67
ITM005,Kit de embrague,WHS01,2024-10-28,5.67
ITM001,Filtro de aceite,WHS01,2024-10-29,10.21
ITM001,Filtro de aceite,WHS02,2024-10-29,10.21
ITM002,Pastilla de freno,WHS01,2024-10-29,10.21
ITM002,Pastilla de freno,WHS02,2024-10-29,4.54
ITM004,Amortiguador,WHS01,2024-10-29,1.13
ITM004,Amortiguador,WHS02,2024-10-29,2.27
ITM005,Kit de embrague,WHS01,2024-10-29,4.54
ITM005,Kit de embrague,WHS02,2024-10-29,1.13
ITM001,Filtro de aceite,WHS02,2024-10-30,10.21
ITM002,Pastilla de freno,WHS01,2024-10-30,2.27
ITM002,Pastilla de freno,WHS02,2024-10-30,5.67
ITM003,Bujía,WHS01,2024-10-30,7.94
ITM003,Bujía,WHS02,2024-10-30,7.94
ITM004,Amortiguador,WHS01,2024-10-30,3.4
ITM005,Kit de embrague,WHS01,2024-10-30,4.54
ITM005,Kit de embrague,WHS02,2024-10-30,9.07
ITM001,Filtro de aceite,WHS01,2024-10-31,4.54
ITM001,Filtro de aceite,WHS02,2024-10-31,2.27
ITM002,Pastilla de freno,WHS01,2024-10-31,2.27
ITM002,Pastilla de freno,WHS02,2024-10-31,9.07
ITM003,Bujía,WHS01,2024-10-31,5.67
ITM003,Bujía,WHS02,2024-10-31,7.94
ITM004,Amortiguador,WHS01,2024-10-31,6.8
ITM004,Amortiguador,WHS02,2024-10-31,7.94
ITM005,Kit de embrague,WHS01,2024-10-31,9.07
ITM005,Kit de embrague,WHS02,2024-10-31,9.07
ITM001,Filtro de aceite,WHS02,2024-11-01,9.0
ITM002,Pastilla de freno,WHS01,2024-11-01,13.5
ITM003,Bujía,WHS01,2024-11-01,9.0
ITM004,Amortiguador,WHS02,2024-11-01,13.5
ITM005,Kit de embrague,WHS01,2024-11-01,13.5
ITM005,Kit de embrague,WHS02,2024-11-01,7.5
ITM001,Filtro de aceite,WHS01,2024-11-04,4.5
ITM001,Filtro de aceite,WHS02,2024-11-04,12.0
ITM002,Pastilla de freno,WHS01,2024-11-04,7.5
ITM002,Pastilla de freno,WHS02,2024-11-04,13.5
ITM003,Bujía,WHS01,2024-11-04,6.0
ITM005,Kit de embrague,WHS01,2024-11-04,9.0
ITM005,Kit de embrague,WHS02,2024-11-04,6.0
ITM001,Filtro de aceite,WHS01,2024-11-05,1.5
ITM002,Pastilla de freno,WHS01,2024-11-05,9.0
ITM003,Bujía,WHS01,2024-11-05,13.5
ITM003,Bujía,WHS02,2024-11-05,1.5
ITM004,Amortiguador,WHS01,2024-11-05,7.5
ITM004,Amortiguador,WHS02,2024-11-05,3.0
ITM005,Kit de embrague,WHS01,2024-11-05,10.5
ITM001,Filtro de aceite,WHS01,2024-11-06,4.5
ITM001,Filtro de aceite,WHS02,2024-11-06,7.5
ITM003,Bujía,WHS01,2024-11-06,4.5
ITM003,Bujía,WHS02,2024-11-06,10.5
ITM004,Amortiguador,WHS01,2024-11-06,12.0
ITM004,Amortiguador,WHS02,2024-11-06,6.0
ITM005,Kit de embrague,WHS02,2024-11-06,10.5
ITM001,Filtro de aceite,WHS01,2024-11-07,7.5
ITM001,Filtro de aceite,WHS02,2024-11-07,9.0
ITM002,Pastilla de freno,WHS02,2024-11-07,1.5
ITM004,Amortiguador,WHS01,2024-11-07,4.5
ITM004,Amortiguador,WHS02,2024-11-07,4.5
ITM005,Kit de embrague,WHS02,2024-11-07,1.5
ITM001,Filtro de aceite,WHS01,2024-11-08,1.5
ITM002,Pastilla de freno,WHS01,2024-11-08,6.0
ITM002,Pastilla de freno,WHS02,2024-11-08,13.5
ITM003,Bujía,WHS01,2024-11-08,6.0
ITM004,Amortiguador,WHS02,2024-11-08,3.0
ITM001,Filtro de aceite,WHS01,2024-11-11,13.5
ITM001,Filtro de aceite,WHS02,2024-11-11,3.0
ITM002,Pastilla de freno,WHS01,2024-11-11,13.5
ITM004,Amortiguador,WHS02,2024-11-11,7.5
ITM001,Filtro de aceite,WHS01,2024-11-12,13.5
ITM001,Filtro de aceite,WHS02,2024-11-12,1.5
ITM002,Pastilla de freno,WHS01,2024-11-12,1.5
ITM002,Pastilla de freno,WHS02,2024-11-12,6.0
ITM003,Bujía,WHS02,2024-11-12,9.0
ITM004,Amortiguador,WHS01,2024-11-12,9.0
ITM004,Amortiguador,WHS02,2024-11-12,6.0
ITM005,Kit de embrague,WHS02,2024-11-12,9.0
ITM001,Filtro de aceite,WHS02,2024-11-13,7.5
ITM002,Pastilla de freno,WHS02,2024-11-13,12.0
ITM003,Bujía,WHS01,2024-11-13,6.0
ITM003,Bujía,WHS02,2024-11-13,13.5
ITM004,Amortiguador,WHS01,2024-11-13,1.5
ITM004,Amortiguador,WHS02,2024-11-13,12.0
ITM005,Kit de embrague,WHS01,2024-11-13,12.0
ITM005,Kit de embrague,WHS02,2024-11-13,12.0
ITM001,Filtro de aceite,WHS01,2024-11-14,1.5
ITM001,Filtro de aceite,WHS02,2024-11-14,12.0
ITM002,Pastilla de freno,WHS01,2024-11-14,6.0
ITM002,Pastilla de freno,WHS02,2024-11-14,3.0
ITM005,Kit de embrague,WHS01,2024-11-14,12.0
ITM001,Filtro de aceite,WHS01,2024-11-15,10.5
ITM002,Pastilla de freno,WHS01,2024-11-15,10.5
ITM002,Pastilla de freno,WHS02,2024-11-15,1.5
ITM003,Bujía,WHS01,2024-11-15,12.0
ITM003,Bujía,WHS02,2024-11-15,1.5
ITM004,Amortiguador,WHS01,2024-11-15,1.5
ITM004,Amortiguador,WHS02,2024-11-15,13.5
ITM005,Kit de embrague,WHS01,2024-11-15,6.0
ITM005,Kit de embrague,WHS02,2024-11-15,9.0
ITM001,Filtro de aceite,WHS01,2024-11-18,1.5
ITM001,Filtro de aceite,WHS02,2024-11-18,1.5
ITM002,Pastilla de freno,WHS01,2024-11-18,13.5
ITM002,Pastilla de freno,WHS02,2024-11-18,3.0
ITM003,Bujía,WHS01,2024-11-18,13.5
ITM003,Bujía,WHS02,2024-11-18,13.5
ITM004,Amortiguador,WHS01,2024-11-18,7.5
ITM005,Kit de embrague,WHS01,2024-11-18,3.0
ITM001,Filtro de aceite,WHS01,2024-11-19,1.5
ITM002,Pastilla de freno,WHS01,2024-11-19,6.0
ITM003,Bujía,WHS01,2024-11-19,6.0
ITM003,Bujía,WHS02,2024-11-19,13.5
ITM004,Amortiguador,WHS01,2024-11-19,7.5
ITM004,Amortiguador,WHS02,2024-11-19,13.5
ITM005,Kit de embrague,WHS02,2024-11-19,13.5
ITM001,Filtro de aceite,WHS01,2024-11-20,6.0
ITM001,Filtro de aceite,WHS02,2024-11-20,13.5
ITM002,Pastilla de freno,WHS01,2024-11-20,10.5
ITM003,Bujía,WHS01,2024-11-20,13.5
ITM003,Bujía,WHS02,2024-11-20,3.0
ITM004,Amortiguador,WHS01,2024-11-20,1.5
ITM004,Amortiguador,WHS02,2024-11-20,6.0
ITM005,Kit de embrague,WHS02,2024-11-20,10.5
ITM001,Filtro de aceite,WHS01,2024-11-21,10.5
ITM003,Bujía,WHS01,2024-11-21,3.0
ITM003,Bujía,WHS02,2024-11-21,6.0
ITM004,Amortiguador,WHS01,2024-11-21,4.5
ITM004,Amortiguador,WHS02,2024-11-21,9.0
ITM005,Kit de embrague,WHS01,2024-11-21,7.5
ITM005,Kit de embrague,WHS02,2024-11-21,3.0
ITM001,Filtro de aceite,WHS02,2024-11-22,1.5
ITM002,Pastilla de freno,WHS02,2024-11-22,3.0
ITM003,Bujía,WHS01,2024-11-22,7.5
ITM003,Bujía,WHS02,2024-11-22,13.5
ITM004,Amortiguador,WHS02,2024-11-22,4.5
ITM005,Kit de embrague,WHS01,2024-11-22,7.5
ITM005,Kit de embrague,WHS02,2024-11-22,12.0
ITM003,Bujía,WHS01,2024-11-25,3.0
ITM004,Amortiguador,WHS01,2024-11-25,1.5
ITM004,Amortiguador,WHS02,2024-11-25,4.5
ITM005,Kit de embrague,WHS01,2024-11-25,13.5
ITM005,Kit de embrague,WHS02,2024-11-25,4.5
ITM001,Filtro de aceite,WHS01,2024-11-26,9.0
ITM002,Pastilla de freno,WHS01,2024-11-26,7.5
ITM002,Pastilla de freno,WHS02,2024-11-26,1.5
ITM003,Bujía,WHS01,2024-11-26,1.5
ITM003,Bujía,WHS02,2024-11-26,4.5
ITM004,Amortiguador,WHS01,2024-11-26,7.5
ITM004,Amortiguador,WHS02,2024-11-26,6.0
ITM005,Kit de embrague,WHS01,2024-11-26,7.5
ITM005,Kit de embrague,WHS02,2024-11-26,10.5
ITM001,Filtro de aceite,WHS01,2024-11-27,3.0
ITM002,Pastilla de freno,WHS01,2024-11-27,3.0
ITM003,Bujía,WHS01,2024-11-27,10.5
ITM003,Bujía,WHS02,2024-11-27,7.5
ITM004,Amortiguador,WHS01,2024-11-27,1.5
ITM004,Amortiguador,WHS02,2024-11-27,4.5
ITM005,Kit de embrague,WHS01,2024-11-27,13.5
ITM001,Filtro de aceite,WHS01,2024-11-28,1.5
ITM001,Filtro de aceite,WHS02,2024-11-28,4.5
ITM002,Pastilla de freno,WHS02,2024-11-28,9.0
ITM003,Bujía,WHS02,2024-11-28,13.5
ITM004,Amortiguador,WHS01,2024-11-28,9.0
ITM005,Kit de embrague,WHS02,2024-11-28,1.5
ITM001,Filtro de aceite,WHS02,2024-11-29,1.5
ITM002,Pastilla de freno,WHS02,2024-11-29,1.5
ITM003,Bujía,WHS01,2024-11-29,13.5
ITM004,Amortiguador,WHS01,2024-11-29,7.5
ITM004,Amortiguador,WHS02,2024-11-29,10.5
ITM005,Kit de embrague,WHS01,2024-11-29,9.0
ITM005,Kit de embrague,WHS02,2024-11-29,6.0
ITM001,Filtro de aceite,WHS01,2024-12-02,14.0
ITM001,Filtro de aceite,WHS02,2024-12-02,12.0
ITM002,Pastilla de freno,WHS02,2024-12-02,4.0
ITM003,Bujía,WHS01,2024-12-02,12.0
ITM004,Amortiguador,WHS01,2024-12-02,18.0
ITM004,Amortiguador,WHS02,2024-12-02,14.0
ITM005,Kit de embrague,WHS01,2024-12-02,12.0
ITM001,Filtro de aceite,WHS01,2024-12-03,6.0
ITM002,Pastilla de freno,WHS02,2024-12-03,6.0
ITM003,Bujía,WHS02,2024-12-03,16.0
ITM004,Amortiguador,WHS01,2024-12-03,8.0
ITM004,Amortiguador,WHS02,2024-12-03,2.0
ITM005,Kit de embrague,WHS02,2024-12-03,16.0
ITM001,Filtro de aceite,WHS01,2024-12-04,4.0
ITM001,Filtro de aceite,WHS02,2024-12-04,6.0
ITM002,Pastilla de freno,WHS01,2024-12-04,8.0
ITM002,Pastilla de freno,WHS02,2024-12-04,18.0
ITM003,Bujía,WHS01,2024-12-04,18.0
ITM004,Amortiguador,WHS01,2024-12-04,12.0
ITM004,Amortiguador,WHS02,2024-12-04,14.0
ITM005,Kit de embrague,WHS01,2024-12-04,18.0
ITM005,Kit de embrague,WHS02,2024-12-04,6.0
ITM001,Filtro de aceite,WHS01,2024-12-05,8.0
ITM001,Filtro de aceite,WHS02,2024-12-05,18.0
ITM002,Pastilla de freno,WHS01,2024-12-05,8.0
ITM003,Bujía,WHS01,2024-12-05,14.0
ITM003,Bujía,WHS02,2024-12-05,4.0
ITM004,Amortiguador,WHS01,2024-12-05,10.0
ITM004,Amortiguador,WHS02,2024-12-05,2.0
ITM001,Filtro de aceite,WHS01,2024-12-06,14.0
ITM001,Filtro de aceite,WHS02,2024-12-06,10.0
ITM002,Pastilla de freno,WHS02,2024-12-06,8.0
ITM003,Bujía,WHS02,2024-12-06,18.0
ITM004,Amortiguador,WHS01,2024-12-06,8.0
ITM004,Amortiguador,WHS02,2024-12-06,12.0
ITM005,Kit de embrague,WHS01,2024-12-06,6.0
ITM002,Pastilla de freno,WHS02,2024-12-09,18.0
ITM003,Bujía,WHS02,2024-12-09,6.0
ITM004,Amortiguador,WHS01,2024-12-09,18.0
ITM004,Amortiguador,WHS02,2024-12-09,12.0
ITM001,Filtro de aceite,WHS01,2024-12-10,8.0
ITM001,Filtro de aceite,WHS02,2024-12-10,12.0
ITM002,Pastilla de freno,WHS02,2024-12-10,8.0
ITM003,Bujía,WHS01,2024-12-10,16.0
ITM004,Amortiguador,WHS01,2024-12-10,2.0
ITM004,Amortiguador,WHS02,2024-12-10,16.0
ITM005,Kit de embrague,WHS01,2024-12-10,6.0
ITM001,Filtro de aceite,WHS01,2024-12-11,6.0
ITM002,Pastilla de freno,WHS02,2024-12-11,10.0
ITM003,Bujía,WHS01,2024-12-11,16.0
ITM003,Bujía,WHS02,2024-12-11,16.0
ITM005,Kit de embrague,WHS01,2024-12-11,6.0
ITM005,Kit de embrague,WHS02,2024-12-11,16.0
ITM001,Filtro de aceite,WHS01,2024-12-12,10.0
ITM001,Filtro de aceite,WHS02,2024-12-12,4.0
ITM002,Pastilla de freno,WHS01,2024-12-12,10.0
ITM003,Bujía,WHS01,2024-12-12,4.0
ITM003,Bujía,WHS02,2024-12-12,16.0
ITM004,Amortiguador,WHS01,2024-12-12,2.0
ITM004,Amortiguador,WHS02,2024-12-12,16.0
ITM005,Kit de embrague,WHS01,2024-12-12,4.0
ITM005,Kit de embrague,WHS02,2024-12-12,2.0
ITM001,Filtro de aceite,WHS02,2024-12-13,2.0
ITM002,Pastilla de freno,WHS02,2024-12-13,4.0
ITM003,Bujía,WHS01,2024-12-13,14.0
ITM003,Bujía,WHS02,2024-12-13,12.0
ITM004,Amortiguador,WHS02,2024-12-13,8.0
ITM005,Kit de embrague,WHS01,2024-12-13,10.0
ITM005,Kit de embrague,WHS02,2024-12-13,14.0
ITM001,Filtro de aceite,WHS01,2024-12-16,14.0
ITM002,Pastilla de freno,WHS01,2024-12-16,2.0
ITM002,Pastilla de freno,WHS02,2024-12-16,14.0
ITM004,Amortiguador,WHS01,2024-12-16,4.0
ITM004,Amortiguador,WHS02,2024-12-16,18.0
ITM005,Kit de embrague,WHS01,2024-12-16,2.0
ITM005,Kit de embrague,WHS02,2024-12-16,18.0
ITM001,Filtro de aceite,WHS01,2024-12-17,10.0
ITM001,Filtro de aceite,WHS02,2024-12-17,18.0
ITM002,Pastilla de freno,WHS02,2024-12-17,4.0
ITM003,Bujía,WHS01,2024-12-17,2.0
ITM004,Amortiguador,WHS01,2024-12-17,14.0
ITM005,Kit de embrague,WHS02,2024-12-17,8.0
ITM001,Filtro de aceite,WHS01,2024-12-18,2.0
ITM002,Pastilla de freno,WHS01,2024-12-18,16.0
ITM002,Pastilla de freno,WHS02,2024-12-18,18.0
ITM005,Kit de embrague,WHS01,2024-12-18,18.0
ITM005,Kit de embrague,WHS02,2024-12-18,6.0
ITM001,Filtro de aceite,WHS01,2024-12-19,14.0
ITM001,Filtro de aceite,WHS02,2024-12-19,18.0
ITM002,Pastilla de freno,WHS01,2024-12-19,12.0
ITM003,Bujía,WHS02,2024-12-19,18.0
ITM004,Amortiguador,WHS01,2024-12-19,6.0
ITM004,Amortiguador,WHS02,2024-12-19,2.0
ITM005,Kit de embrague,WHS01,2024-12-19,14.0
ITM005,Kit de embrague,WHS02,2024-12-19,2.0
ITM001,Filtro de aceite,WHS02,2024-12-20,2.0
ITM002,Pastilla de freno,WHS02,2024-12-20,8.0
ITM003,Bujía,WHS01,2024-12-20,6.0
ITM003,Bujía,WHS02,2024-12-20,18.0
ITM004,Amortiguador,WHS02,2024-12-20,14.0
ITM005,Kit de embrague,WHS02,2024-12-20,16.0
ITM001,Filtro de aceite,WHS01,2024-12-23,2.0
ITM001,Filtro de aceite,WHS02,2024-12-23,10.0
ITM002,Pastilla de freno,WHS01,2024-12-23,10.0
ITM002,Pastilla de freno,WHS02,2024-12-23,14.0
ITM003,Bujía,WHS01,2024-12-23,14.0
ITM003,Bujía,WHS02,2024-12-23,6.0
ITM004,Amortiguador,WHS01,2024-12-23,8.0
ITM004,Amortiguador,WHS02,2024-12-23,2.0
ITM005,Kit de embrague,WHS01,2024-12-23,10.0
ITM005,Kit de embrague,WHS02,2024-12-23,10.0
ITM001,Filtro de aceite,WHS01,2024-12-24,4.0
ITM001,Filtro de aceite,WHS02,2024-12-24,14.0
ITM002,Pastilla de freno,WHS01,2024-12-24,12.0
ITM002,Pastilla de freno,WHS02,2024-12-24,16.0
ITM003,Bujía,WHS01,2024-12-24,18.0
ITM003,Bujía,WHS02,2024-12-24,4.0
ITM004,Amortiguador,WHS02,2024-12-24,2.0
ITM005,Kit de embrague,WHS01,2024-12-24,12.0
ITM005,Kit de embrague,WHS02,2024-12-24,16.0
ITM001,Filtro de aceite,WHS01,2024-12-25,8.0
ITM002,Pastilla de freno,WHS01,2024-12-25,2.0
ITM003,Bujía,WHS01,2024-12-25,6.0
ITM004,Amortiguador,WHS01,2024-12-25,16.0
ITM004,Amortiguador,WHS02,2024-12-25,12.0
ITM001,Filtro de aceite,WHS01,2024-12-26,10.0
ITM002,Pastilla de freno,WHS01,2024-12-26,4.0
ITM004,Amortiguador,WHS01,2024-12-26,18.0
ITM005,Kit de embrague,WHS01,2024-12-26,16.0
ITM005,Kit de embrague,WHS02,2024-12-26,12.0
ITM001,Filtro de aceite,WHS01,2024-12-27,6.0
ITM001,Filtro de aceite,WHS02,2024-12-27,2.0
ITM002,Pastilla de freno,WHS01,2024-12-27,14.0
ITM003,Bujía,WHS01,2024-12-27,4.0
ITM003,Bujía,WHS02,2024-12-27,2.0
ITM004,Amortiguador,WHS01,2024-12-27,14.0
ITM004,Amortiguador,WHS02,2024-12-27,18.0
ITM005,Kit de embrague,WHS02,2024-12-27,2.0
ITM001,Filtro de aceite,WHS02,2024-12-30,14.0
ITM002,Pastilla de freno,WHS01,2024-12-30,16.0
ITM002,Pastilla de freno,WHS02,2024-12-30,10.0
ITM003,Bujía,WHS02,2024-12-30,2.0
ITM001,Filtro de aceite,WHS02,2024-12-31,18.0
ITM002,Pastilla de freno,WHS01,2024-12-31,18.0
ITM002,Pastilla de freno,WHS02,2024-12-31,6.0
ITM003,Bujía,WHS01,2024-12-31,10.0
ITM003,Bujía,WHS02,2024-12-31,18.0
ITM004,Amortiguador,WHS02,2024-12-31,2.0
ITM005,Kit de embrague,WHS02,2024-12-31,14.0
ITM001,Filtro de aceite,WHS01,2025-01-01,2.5
ITM001,Filtro de aceite,WHS02,2025-01-01,15.0
ITM003,Bujía,WHS01,2025-01-01,10.0
ITM003,Bujía,WHS02,2025-01-01,12.5
ITM004,Amortiguador,WHS01,2025-01-01,10.0
ITM005,Kit de embrague,WHS02,2025-01-01,7.5
ITM001,Filtro de aceite,WHS01,2025-01-02,7.5
ITM001,Filtro de aceite,WHS02,2025-01-02,2.5
ITM002,Pastilla de freno,WHS01,2025-01-02,20.0
ITM003,Bujía,WHS01,2025-01-02,7.5
ITM003,Bujía,WHS02,2025-01-02,7.5
ITM004,Amortiguador,WHS01,2025-01-02,2.5
ITM005,Kit de embrague,WHS01,2025-01-02,17.5
ITM005,Kit de embrague,WHS02,2025-01-02,2.5
ITM002,Pastilla de freno,WHS01,2025-01-03,7.5
ITM002,Pastilla de freno,WHS02,2025-01-03,17.5
ITM003,Bujía,WHS01,2025-01-03,5.0
ITM003,Bujía,WHS02,2025-01-03,22.5
ITM005,Kit de embrague,WHS01,2025-01-03,20.0
ITM005,Kit de embrague,WHS02,2025-01-03,12.5
ITM001,Filtro de aceite,WHS01,2025-01-06,7.5
ITM002,Pastilla de freno,WHS01,2025-01-06,7.5
ITM002,Pastilla de freno,WHS02,2025-01-06,5.0
ITM003,Bujía,WHS01,2025-01-06,20.0
ITM004,Amortiguador,WHS01,2025-01-06,22.5
ITM005,Kit de embrague,WHS02,2025-01-06,12.5
ITM001,Filtro de aceite,WHS01,2025-01-07,22.5
ITM001,Filtro de aceite,WHS02,2025-01-07,12.5
ITM002,Pastilla de freno,WHS01,2025-01-07,17.5
ITM002,Pastilla de freno,WHS02,2025-01-07,7.5
ITM003,Bujía,WHS02,2025-01-07,22.5
ITM004,Amortiguador,WHS02,2025-01-07,12.5
ITM005,Kit de embrague,WHS01,2025-01-07,7.5
ITM005,Kit de embrague,WHS02,2025-01-07,7.5
ITM001,Filtro de aceite,WHS01,2025-01-08,5.0
ITM001,Filtro de aceite,WHS02,2025-01-08,5.0
ITM002,Pastilla de freno,WHS01,2025-01-08,12.5
ITM002,Pastilla de freno,WHS02,2025-01-08,17.5
ITM003,Bujía,WHS01,2025-01-08,15.0
ITM004,Amortiguador,WHS01,2025-01-08,22.5
ITM004,Amortiguador,WHS02,2025-01-08,2.5
ITM005,Kit de embrague,WHS01,2025-01-08,20.0
ITM005,Kit de embrague,WHS02,2025-01-08,7.5
ITM001,Filtro de aceite,WHS01,2025-01-09,10.0
ITM001,Filtro de aceite,WHS02,2025-01-09,15.0
ITM002,Pastilla de freno,WHS01,2025-01-09,5.0
ITM003,Bujía,WHS01,2025-01-09,20.0
ITM003,Bujía,WHS02,2025-01-09,10.0
ITM004,Amortiguador,WHS01,2025-01-09,5.0
ITM004,Amortiguador,WHS02,2025-01-09,17.5
ITM005,Kit de embrague,WHS02,2025-01-09,17.5
ITM001,Filtro de aceite,WHS01,2025-01-10,10.0
ITM002,Pastilla de freno,WHS01,2025-01-10,20.0
ITM002,Pastilla de freno,WHS02,2025-01-10,20.0
ITM003,Bujía,WHS01,2025-01-10,10.0
ITM003,Bujía,WHS02,2025-01-10,5.0
ITM004,Amortiguador,WHS01,2025-01-10,12.5
ITM004,Amortiguador,WHS02,2025-01-10,15.0
ITM005,Kit de embrague,WHS01,2025-01-10,7.5
ITM005,Kit de embrague,WHS02,2025-01-10,12.5
ITM001,Filtro de aceite,WHS01,2025-01-13,10.0
ITM001,Filtro de aceite,WHS02,2025-01-13,7.5
ITM003,Bujía,WHS01,2025-01-13,12.5
ITM003,Bujía,WHS02,2025-01-13,2.5
ITM004,Amortiguador,WHS01,2025-01-13,22.5
ITM004,Amortiguador,WHS02,2025-01-13,22.5
ITM001,Filtro de aceite,WHS01,2025-01-14,22.5
ITM001,Filtro de aceite,WHS02,2025-01-14,12.5
ITM002,Pastilla de freno,WHS02,2025-01-14,7.5
ITM004,Amortiguador,WHS01,2025-01-14,7.5
ITM004,Amortiguador,WHS02,2025-01-14,7.5
ITM005,Kit de embrague,WHS01,2025-01-14,22.5
ITM005,Kit de embrague,WHS02,2025-01-14,17.5
ITM001,Filtro de aceite,WHS01,2025-01-15,2.5
ITM002,Pastilla de freno,WHS01,2025-01-15,17.5
ITM002,Pastilla de freno,WHS02,2025-01-15,22.5
ITM003,Bujía,WHS01,2025-01-15,20.0
ITM003,Bujía,WHS02,2025-01-15,20.0
ITM004,Amortiguador,WHS01,2025-01-15,12.5
ITM004,Amortiguador,WHS02,2025-01-15,15.0
ITM005,Kit de embrague,WHS02,2025-01-15,2.5
ITM001,Filtro de aceite,WHS02,2025-01-16,15.0
ITM002,Pastilla de freno,WHS01,2025-01-16,15.0
ITM003,Bujía,WHS02,2025-01-16,20.0
ITM004,Amortiguador,WHS01,2025-01-16,7.5
ITM005,Kit de embrague,WHS02,2025-01-16,12.5
ITM002,Pastilla de freno,WHS01,2025-01-17,7.5
ITM002,Pastilla de freno,WHS02,2025-01-17,12.5
ITM003,Bujía,WHS02,2025-01-17,2.5
ITM004,Amortiguador,WHS01,2025-01-17,5.0
ITM004,Amortiguador,WHS02,2025-01-17,2.5
ITM005,Kit de embrague,WHS01,2025-01-17,12.5
ITM005,Kit de embrague,WHS02,2025-01-17,17.5
ITM002,Pastilla de freno,WHS01,2025-01-20,7.5
ITM003,Bujía,WHS01,2025-01-20,22.5
ITM003,Bujía,WHS02,2025-01-20,2.5
ITM004,Amortiguador,WHS02,2025-01-20,2.5
ITM005,Kit de embrague,WHS02,2025-01-20,20.0
ITM001,Filtro de aceite,WHS01,2025-01-21,2.5
ITM002,Pastilla de freno,WHS01,2025-01-21,12.5
ITM003,Bujía,WHS01,2025-01-21,2.5
ITM003,Bujía,WHS02,2025-01-21,20.0
ITM004,Amortiguador,WHS02,2025-01-21,17.5
ITM005,Kit de embrague,WHS01,2025-01-21,10.0
ITM001,Filtro de aceite,WHS01,2025-01-22,22.5
ITM001,Filtro de aceite,WHS02,2025-01-22,5.0
ITM002,Pastilla de freno,WHS02,2025-01-22,20.0
ITM003,Bujía,WHS01,2025-01-22,12.5
ITM003,Bujía,WHS02,2025-01-22,10.0
ITM004,Amortiguador,WHS02,2025-01-22,15.0
ITM005,Kit de embrague,WHS01,2025-01-22,22.5
ITM002,Pastilla de freno,WHS01,2025-01-23,22.5
ITM002,Pastilla de freno,WHS02,2025-01-23,10.0
ITM003,Bujía,WHS01,2025-01-23,20.0
ITM003,Bujía,WHS02,2025-01-23,17.5
ITM004,Amortiguador,WHS01,2025-01-23,12.5
ITM004,Amortiguador,WHS02,2025-01-23,15.0
ITM005,Kit de embrague,WHS01,2025-01-23,2.5
ITM001,Filtro de aceite,WHS01,2025-01-24,20.0
ITM001,Filtro de aceite,WHS02,2025-01-24,22.5
ITM003,Bujía,WHS01,2025-01-24,10.0
ITM003,Bujía,WHS02,2025-01-24,20.0
ITM004,Amortiguador,WHS02,2025-01-24,17.5
ITM005,Kit de embrague,WHS02,2025-01-24,15.0
ITM001,Filtro de aceite,WHS01,2025-01-27,20.0
ITM001,Filtro de aceite,WHS02,2025-01-27,5.0
ITM002,Pastilla de freno,WHS01,2025-01-27,20.0
ITM002,Pastilla de freno,WHS02,2025-01-27,7.5
ITM003,Bujía,WHS01,2025-01-27,5.0
ITM004,Amortiguador,WHS01,2025-01-27,12.5
ITM004,Amortiguador,WHS02,2025-01-27,17.5
ITM005,Kit de embrague,WHS01,2025-01-27,2.5
ITM005,Kit de embrague,WHS02,2025-01-27,17.5
ITM001,Filtro de aceite,WHS01,2025-01-28,17.5
ITM001,Filtro de aceite,WHS02,2025-01-28,2.5
ITM002,Pastilla de freno,WHS01,2025-01-28,5.0
ITM003,Bujía,WHS01,2025-01-28,15.0
ITM003,Bujía,WHS02,2025-01-28,5.0
ITM004,Amortiguador,WHS01,2025-01-28,2.5
ITM004,Amortiguador,WHS02,2025-01-28,2.5
ITM005,Kit de embrague,WHS01,2025-01-28,2.5
ITM005,Kit de embrague,WHS02,2025-01-28,5.0
ITM001,Filtro de aceite,WHS01,2025-01-29,22.5
ITM001,Filtro de aceite,WHS02,2025-01-29,5.0
ITM002,Pastilla de freno,WHS01,2025-01-29,2.5
ITM002,Pastilla de freno,WHS02,2025-01-29,12.5
ITM003,Bujía,WHS01,2025-01-29,12.5
ITM003,Bujía,WHS02,2025-01-29,20.0
ITM004,Amortiguador,WHS01,2025-01-29,10.0
ITM004,Amortiguador,WHS02,2025-01-29,2.5
ITM001,Filtro de aceite,WHS02,2025-01-30,22.5
ITM002,Pastilla de freno,WHS01,2025-01-30,12.5
ITM003,Bujía,WHS01,2025-01-30,12.5
ITM003,Bujía,WHS02,2025-01-30,15.0
ITM004,Amortiguador,WHS01,2025-01-30,7.5
ITM004,Amortiguador,WHS02,2025-01-30,20.0
ITM005,Kit de embrague,WHS01,2025-01-30,15.0
ITM001,Filtro de aceite,WHS01,2025-01-31,17.5
ITM002,Pastilla de freno,WHS01,2025-01-31,2.5
ITM002,Pastilla de freno,WHS02,2025-01-31,2.5
ITM003,Bujía,WHS02,2025-01-31,2.5
ITM004,Amortiguador,WHS01,2025-01-31,15.0
ITM005,Kit de embrague,WHS01,2025-01-31,5.0
ITM005,Kit de embrague,WHS02,2025-01-31,20.0
ITM001,Filtro de aceite,WHS01,2025-02-03,2.87
ITM001,Filtro de aceite,WHS02,2025-02-03,8.6
ITM002,Pastilla de freno,WHS01,2025-02-03,17.2
ITM003,Bujía,WHS02,2025-02-03,8.6
ITM004,Amortiguador,WHS01,2025-02-03,8.6
ITM004,Amortiguador,WHS02,2025-02-03,22.93
ITM005,Kit de embrague,WHS01,2025-02-03,5.73
ITM001,Filtro de aceite,WHS02,2025-02-04,22.93
ITM002,Pastilla de freno,WHS01,2025-02-04,8.6
ITM002,Pastilla de freno,WHS02,2025-02-04,2.87
ITM003,Bujía,WHS01,2025-02-04,22.93
ITM003,Bujía,WHS02,2025-02-04,5.73
ITM004,Amortiguador,WHS02,2025-02-04,25.79
ITM005,Kit de embrague,WHS01,2025-02-04,20.06
ITM005,Kit de embrague,WHS02,2025-02-04,8.6
ITM002,Pastilla de freno,WHS02,2025-02-05,8.6
ITM003,Bujía,WHS01,2025-02-05,5.73
ITM003,Bujía,WHS02,2025-02-05,20.06
ITM005,Kit de embrague,WHS01,2025-02-05,22.93
ITM001,Filtro de aceite,WHS01,2025-02-06,5.73
ITM001,Filtro de aceite,WHS02,2025-02-06,25.79
ITM003,Bujía,WHS01,2025-02-06,20.06
ITM003,Bujía,WHS02,2025-02-06,11.46
ITM004,Amortiguador,WHS02,2025-02-06,8.6
ITM005,Kit de embrague,WHS01,2025-02-06,14.33
ITM005,Kit de embrague,WHS02,2025-02-06,20.06
ITM001,Filtro de aceite,WHS01,2025-02-07,5.73
ITM001,Filtro de aceite,WHS02,2025-02-07,22.93
ITM002,Pastilla de freno,WHS01,2025-02-07,25.79
ITM002,Pastilla de freno,WHS02,2025-02-07,5.73
ITM003,Bujía,WHS01,2025-02-07,17.2
ITM003,Bujía,WHS02,2025-02-07,2.87
ITM004,Amortiguador,WHS02,2025-02-07,5.73
ITM005,Kit de embrague,WHS01,2025-02-07,14.33
ITM001,Filtro de aceite,WHS01,2025-02-10,5.73
ITM001,Filtro de aceite,WHS02,2025-02-10,8.6
ITM002,Pastilla de freno,WHS01,2025-02-10,11.46
ITM002,Pastilla de freno,WHS02,2025-02-10,17.2
ITM003,Bujía,WHS01,2025-02-10,22.93
ITM003,Bujía,WHS02,2025-02-10,8.6
ITM004,Amortiguador,WHS01,2025-02-10,25.79
ITM004,Amortiguador,WHS02,2025-02-10,14.33
ITM005,Kit de embrague,WHS01,2025-02-10,14.33
ITM005,Kit de embrague,WHS02,2025-02-10,2.87
ITM001,Filtro de aceite,WHS01,2025-02-11,5.73
ITM001,Filtro de aceite,WHS02,2025-02-11,8.6
ITM002,Pastilla de freno,WHS01,2025-02-11,25.79
ITM002,Pastilla de freno,WHS02,2025-02-11,5.73
ITM003,Bujía,WHS01,2025-02-11,8.6
ITM003,Bujía,WHS02,2025-02-11,8.6
ITM004,Amortiguador,WHS02,2025-02-11,17.2
ITM005,Kit de embrague,WHS01,2025-02-11,14.33
ITM005,Kit de embrague,WHS02,2025-02-11,5.73
ITM001,Filtro de aceite,WHS01,2025-02-12,20.06
ITM001,Filtro de aceite,WHS02,2025-02-12,14.33
ITM002,Pastilla de freno,WHS01,2025-02-12,8.6
ITM003,Bujía,WHS01,2025-02-12,22.93
ITM003,Bujía,WHS02,2025-02-12,14.33
ITM004,Amortiguador,WHS02,2025-02-12,8.6
ITM005,Kit de embrague,WHS02,2025-02-12,17.2
ITM001,Filtro de aceite,WHS01,2025-02-13,14.33
ITM002,Pastilla de freno,WHS01,2025-02-13,14.33
ITM002,Pastilla de freno,WHS02,2025-02-13,17.2
ITM003,Bujía,WHS01,2025-02-13,22.93
ITM003,Bujía,WHS02,2025-02-13,17.2
ITM004,Amortiguador,WHS02,2025-02-13,2.87
ITM001,Filtro de aceite,WHS01,2025-02-14,25.79
ITM001,Filtro de aceite,WHS02,2025-02-14,5.73
ITM002,Pastilla de freno,WHS01,2025-02-14,2.87
ITM002,Pastilla de freno,WHS02,2025-02-14,5.73
ITM003,Bujía,WHS01,2025-02-14,14.33
ITM003,Bujía,WHS02,2025-02-14,20.06
ITM005,Kit de embrague,WHS01,2025-02-14,8.6
ITM005,Kit de embrague,WHS02,2025-02-14,22.93
ITM001,Filtro de aceite,WHS01,2025-02-17,8.6
ITM001,Filtro de aceite,WHS02,2025-02-17,17.2
ITM002,Pastilla de freno,WHS01,2025-02-17,5.73
ITM003,Bujía,WHS01,2025-02-17,5.73
ITM004,Amortiguador,WHS01,2025-02-17,25.79
ITM004,Amortiguador,WHS02,2025-02-17,14.33
ITM005,Kit de embrague,WHS01,2025-02-17,20.06
ITM005,Kit de embrague,WHS02,2025-02-17,5.73
ITM001,Filtro de aceite,WHS01,2025-02-18,25.79
ITM001,Filtro de aceite,WHS02,2025-02-18,17.2
ITM002,Pastilla de freno,WHS01,2025-02-18,14.33
ITM002,Pastilla de freno,WHS02,2025-02-18,2.87
ITM003,Bujía,WHS01,2025-02-18,25.79
ITM003,Bujía,WHS02,2025-02-18,8.6
ITM004,Amortiguador,WHS01,2025-02-18,17.2
ITM004,Amortiguador,WHS02,2025-02-18,11.46
ITM005,Kit de embrague,WHS01,2025-02-18,25.79
ITM005,Kit de embrague,WHS02,2025-02-18,14.33
ITM001,Filtro de aceite,WHS02,2025-02-19,5.73
ITM002,Pastilla de freno,WHS01,2025-02-19,25.79
ITM002,Pastilla de freno,WHS02,2025-02-19,8.6
ITM003,Bujía,WHS01,2025-02-19,22.93
ITM003,Bujía,WHS02,2025-02-19,5.73
ITM004,Amortiguador,WHS01,2025-02-19,20.06
ITM001,Filtro de aceite,WHS02,2025-02-20,8.6
ITM002,Pastilla de freno,WHS01,2025-02-20,22.93
ITM002,Pastilla de freno,WHS02,2025-02-20,14.33
ITM003,Bujía,WHS01,2025-02-20,8.6
ITM003,Bujía,WHS02,2025-02-20,20.06
ITM004,Amortiguador,WHS01,2025-02-20,20.06
ITM004,Amortiguador,WHS02,2025-02-20,8.6
ITM005,Kit de embrague,WHS01,2025-02-20,2.87
ITM005,Kit de embrague,WHS02,2025-02-20,2.87
ITM001,Filtro de aceite,WHS01,2025-02-21,17.2
ITM001,Filtro de aceite,WHS02,2025-02-21,5.73
ITM002,Pastilla de freno,WHS01,2025-02-21,5.73
ITM002,Pastilla de freno,WHS02,2025-02-21,5.73
ITM003,Bujía,WHS02,2025-02-21,14.33
ITM004,Amortiguador,WHS02,2025-02-21,8.6
ITM001,Filtro de aceite,WHS02,2025-02-24,25.79
ITM002,Pastilla de freno,WHS01,2025-02-24,5.73
ITM002,Pastilla de freno,WHS02,2025-02-24,20.06
ITM003,Bujía,WHS01,2025-02-24,2.87
ITM003,Bujía,WHS02,2025-02-24,2.87
ITM004,Amortiguador,WHS01,2025-02-24,11.46
ITM004,Amortiguador,WHS02,2025-02-24,25.79
ITM005,Kit de embrague,WHS02,2025-02-24,25.79
ITM001,Filtro de aceite,WHS01,2025-02-25,2.87
ITM001,Filtro de aceite,WHS02,2025-02-25,11.46
ITM002,Pastilla de freno,WHS01,2025-02-25,8.6
ITM002,Pastilla de freno,WHS02,2025-02-25,22.93
ITM005,Kit de embrague,WHS01,2025-02-25,2.87
ITM005,Kit de embrague,WHS02,2025-02-25,5.73
ITM001,Filtro de aceite,WHS01,2025-02-26,25.79
ITM001,Filtro de aceite,WHS02,2025-02-26,25.79
ITM002,Pastilla de freno,WHS01,2025-02-26,14.33
ITM003,Bujía,WHS01,2025-02-26,25.79
ITM003,Bujía,WHS02,2025-02-26,11.46
ITM004,Amortiguador,WHS01,2025-02-26,17.2
ITM004,Amortiguador,WHS02,2025-02-26,5.73
ITM005,Kit de embrague,WHS01,2025-02-26,22.93
ITM005,Kit de embrague,WHS02,2025-02-26,14.33
ITM001,Filtro de aceite,WHS01,2025-02-27,17.2
ITM001,Filtro de aceite,WHS02,2025-02-27,11.46
ITM002,Pastilla de freno,WHS01,2025-02-27,2.87
ITM002,Pastilla de freno,WHS02,2025-02-27,5.73
ITM003,Bujía,WHS02,2025-02-27,20.06
ITM004,Amortiguador,WHS01,2025-02-27,8.6
ITM004,Amortiguador,WHS02,2025-02-27,14.33
ITM005,Kit de embrague,WHS01,2025-02-27,2.87
ITM005,Kit de embrague,WHS02,2025-02-27,8.6
ITM001,Filtro de aceite,WHS01,2025-02-28,22.93
ITM002,Pastilla de freno,WHS01,2025-02-28,8.6
ITM002,Pastilla de freno,WHS02,2025-02-28,25.79
ITM003,Bujía,WHS01,2025-02-28,17.2
ITM005,Kit de embrague,WHS01,2025-02-28,22.93
ITM001,Filtro de aceite,WHS01,2025-03-03,27.0
ITM002,Pastilla de freno,WHS01,2025-03-03,24.0
ITM002,Pastilla de freno,WHS02,2025-03-03,21.0
ITM003,Bujía,WHS01,2025-03-03,3.0
ITM003,Bujía,WHS02,2025-03-03,12.0
ITM004,Amortiguador,WHS02,2025-03-03,9.0
ITM005,Kit de embrague,WHS01,2025-03-03,21.0
ITM005,Kit de embrague,WHS02,2025-03-03,12.0
ITM001,Filtro de aceite,WHS01,2025-03-04,15.0
ITM002,Pastilla de freno,WHS01,2025-03-04,24.0
ITM002,Pastilla de freno,WHS02,2025-03-04,15.0
ITM003,Bujía,WHS01,2025-03-04,15.0
ITM003,Bujía,WHS02,2025-03-04,24.0
ITM004,Amortiguador,WHS02,2025-03-04,27.0
ITM005,Kit de embrague,WHS02,2025-03-04,12.0
ITM001,Filtro de aceite,WHS01,2025-03-05,6.0
ITM002,Pastilla de freno,WHS02,2025-03-05,9.0
ITM003,Bujía,WHS02,2025-03-05,24.0
ITM004,Amortiguador,WHS01,2025-03-05,3.0
ITM005,Kit de embrague,WHS01,2025-03-05,18.0
ITM005,Kit de embrague,WHS02,2025-03-05,15.0
ITM001,Filtro de aceite,WHS01,2025-03-06,9.0
ITM001,Filtro de aceite,WHS02,2025-03-06,27.0
ITM002,Pastilla de freno,WHS01,2025-03-06,15.0
ITM003,Bujía,WHS01,2025-03-06,6.0
ITM003,Bujía,WHS02,2025-03-06,18.0
ITM004,Amortiguador,WHS01,2025-03-06,3.0
ITM005,Kit de embrague,WHS01,2025-03-06,24.0
ITM005,Kit de embrague,WHS02,2025-03-06,9.0
ITM001,Filtro de aceite,WHS01,2025-03-07,6.0
ITM002,Pastilla de freno,WHS01,2025-03-07,27.0
ITM003,Bujía,WHS01,2025-03-07,24.0
ITM003,Bujía,WHS02,2025-03-07,21.0
ITM004,Amortiguador,WHS01,2025-03-07,3.0
ITM005,Kit de embrague,WHS01,2025-03-07,21.0
ITM005,Kit de embrague,WHS02,2025-03-07,24.0
ITM001,Filtro de aceite,WHS02,2025-03-10,3.0
ITM002,Pastilla de freno,WHS01,2025-03-10,9.0
ITM002,Pastilla de freno,WHS02,2025-03-10,24.0
ITM003,Bujía,WHS02,2025-03-10,24.0
ITM004,Amortiguador,WHS02,2025-03-10,6.0
ITM005,Kit de embrague,WHS01,2025-03-10,21.0
ITM005,Kit de embrague,WHS02,2025-03-10,24.0
ITM001,Filtro de aceite,WHS01,2025-03-11,21.0
ITM001,Filtro de aceite,WHS02,2025-03-11,6.0
ITM002,Pastilla de freno,WHS01,2025-03-11,18.0
ITM003,Bujía,WHS02,2025-03-11,6.0
ITM004,Amortiguador,WHS01,2025-03-11,24.0
ITM004,Amortiguador,WHS02,2025-03-11,21.0
ITM005,Kit de embrague,WHS02,2025-03-11,15.0
ITM001,Filtro de aceite,WHS02,2025-03-12,6.0
ITM002,Pastilla de freno,WHS01,2025-03-12,21.0
ITM002,Pastilla de freno,WHS02,2025-03-12,18.0
ITM003,Bujía,WHS01,2025-03-12,24.0
ITM004,Amortiguador,WHS01,2025-03-12,21.0
ITM004,Amortiguador,WHS02,2025-03-12,15.0
ITM005,Kit de embrague,WHS01,2025-03-12,3.0
ITM005,Kit de embrague,WHS02,2025-03-12,24.0
ITM001,Filtro de aceite,WHS01,2025-03-13,27.0
ITM001,Filtro de aceite,WHS02,2025-03-13,15.0
ITM002,Pastilla de freno,WHS01,2025-03-13,6.0
ITM002,Pastilla de freno,WHS02,2025-03-13,18.0
ITM003,Bujía,WHS01,2025-03-13,27.0
ITM003,Bujía,WHS02,2025-03-13,15.0
ITM004,Amortiguador,WHS02,2025-03-13,24.0
ITM001,Filtro de aceite,WHS01,2025-03-14,3.0
ITM002,Pastilla de freno,WHS01,2025-03-14,15.0
ITM002,Pastilla de freno,WHS02,2025-03-14,21.0
ITM003,Bujía,WHS01,2025-03-14,18.0
ITM004,Amortiguador,WHS01,2025-03-14,15.0
ITM004,Amortiguador,WHS02,2025-03-14,9.0
ITM005,Kit de embrague,WHS01,2025-03-14,24.0
ITM005,Kit de embrague,WHS02,2025-03-14,15.0
ITM001,Filtro de aceite,WHS02,2025-03-17,6.0
ITM002,Pastilla de freno,WHS01,2025-03-17,3.0
ITM002,Pastilla de freno,WHS02,2025-03-17,3.0
ITM003,Bujía,WHS01,2025-03-17,24.0
ITM003,Bujía,WHS02,2025-03-17,9.0
ITM005,Kit de embrague,WHS02,2025-03-17,9.0
ITM001,Filtro de aceite,WHS02,2025-03-18,15.0
ITM002,Pastilla de freno,WHS01,2025-03-18,21.0
ITM002,Pastilla de freno,WHS02,2025-03-18,12.0
ITM003,Bujía,WHS01,2025-03-18,12.0
ITM003,Bujía,WHS02,2025-03-18,12.0
ITM004,Amortiguador,WHS02,2025-03-18,18.0
ITM005,Kit de embrague,WHS02,2025-03-18,15.0
ITM001,Filtro de aceite,WHS01,2025-03-19,12.0
ITM001,Filtro de aceite,WHS02,2025-03-19,6.0
ITM002,Pastilla de freno,WHS01,2025-03-19,12.0
ITM002,Pastilla de freno,WHS02,2025-03-19,6.0
ITM003,Bujía,WHS01,2025-03-19,21.0
ITM004,Amortiguador,WHS01,2025-03-19,9.0
ITM005,Kit de embrague,WHS01,2025-03-19,12.0
ITM005,Kit de embrague,WHS02,2025-03-19,6.0
ITM002,Pastilla de freno,WHS01,2025-03-20,15.0
ITM002,Pastilla de freno,WHS02,2025-03-20,15.0
ITM003,Bujía,WHS01,2025-03-20,9.0
ITM003,Bujía,WHS02,2025-03-20,15.0
ITM004,Amortiguador,WHS01,2025-03-20,18.0
ITM004,Amortiguador,WHS02,2025-03-20,9.0
ITM005,Kit de embrague,WHS01,2025-03-20,3.0
ITM005,Kit de embrague,WHS02,2025-03-20,24.0
ITM001,Filtro de aceite,WHS01,2025-03-21,21.0
ITM002,Pastilla de freno,WHS01,2025-03-21,27.0
ITM002,Pastilla de freno,WHS02,2025-03-21,27.0
ITM003,Bujía,WHS02,2025-03-21,15.0
ITM004,Amortiguador,WHS02,2025-03-21,15.0
ITM005,Kit de embrague,WHS02,2025-03-21,15.0
ITM001,Filtro de aceite,WHS02,2025-03-24,24.0
ITM002,Pastilla de freno,WHS01,2025-03-24,15.0
ITM003,Bujía,WHS01,2025-03-24,24.0
ITM004,Amortiguador,WHS01,2025-03-24,15.0
ITM004,Amortiguador,WHS02,2025-03-24,6.0
ITM005,Kit de embrague,WHS01,2025-03-24,9.0
ITM005,Kit de embrague,WHS02,2025-03-24,18.0
ITM001,Filtro de aceite,WHS01,2025-03-25,6.0
ITM001,Filtro de aceite,WHS02,2025-03-25,12.0
ITM002,Pastilla de freno,WHS02,2025-03-25,12.0
ITM003,Bujía,WHS02,2025-03-25,12.0
ITM004,Amortiguador,WHS01,2025-03-25,18.0
ITM004,Amortiguador,WHS02,2025-03-25,3.0
ITM005,Kit de embrague,WHS01,2025-03-25,24.0
ITM005,Kit de embrague,WHS02,2025-03-25,6.0
ITM001,Filtro de aceite,WHS01,2025-03-26,21.0
ITM002,Pastilla de freno,WHS01,2025-03-26,3.0
ITM002,Pastilla de freno,WHS02,2025-03-26,21.0
ITM003,Bujía,WHS01,2025-03-26,12.0
ITM003,Bujía,WHS02,2025-03-26,3.0
ITM004,Amortiguador,WHS01,2025-03-26,18.0
ITM004,Amortiguador,WHS02,2025-03-26,24.0
ITM005,Kit de embrague,WHS01,2025-03-26,18.0
ITM005,Kit de embrague,WHS02,2025-03-26,12.0
ITM001,Filtro de aceite,WHS02,2025-03-27,18.0
ITM002,Pastilla de freno,WHS01,2025-03-27,9.0
ITM002,Pastilla de freno,WHS02,2025-03-27,12.0
ITM003,Bujía,WHS01,2025-03-27,24.0
ITM003,Bujía,WHS02,2025-03-27,24.0
ITM004,Amortiguador,WHS01,2025-03-27,12.0
ITM004,Amortiguador,WHS02,2025-03-27,9.0
ITM005,Kit de embrague,WHS02,2025-03-27,3.0
ITM001,Filtro de aceite,WHS01,2025-03-28,6.0
ITM001,Filtro de aceite,WHS02,2025-03-28,18.0
ITM002,Pastilla de freno,WHS01,2025-03-28,12.0
ITM002,Pastilla de freno,WHS02,2025-03-28,6.0
ITM003,Bujía,WHS01,2025-03-28,12.0
ITM003,Bujía,WHS02,2025-03-28,21.0
ITM004,Amortiguador,WHS01,2025-03-28,6.0
ITM004,Amortiguador,WHS02,2025-03-28,9.0
ITM005,Kit de embrague,WHS01,2025-03-28,12.0
ITM005,Kit de embrague,WHS02,2025-03-28,21.0
ITM001,Filtro de aceite,WHS01,2025-03-31,27.0
ITM001,Filtro de aceite,WHS02,2025-03-31,12.0
ITM002,Pastilla de freno,WHS01,2025-03-31,12.0
ITM002,Pastilla de freno,WHS02,2025-03-31,6.0
ITM003,Bujía,WHS02,2025-03-31,6.0
ITM004,Amortiguador,WHS01,2025-03-31,9.0
ITM004,Amortiguador,WHS02,2025-03-31,12.0
ITM005,Kit de embrague,WHS01,2025-03-31,18.0
ITM005,Kit de embrague,WHS02,2025-03-31,6.0
ITM001,Filtro de aceite,WHS02,2025-04-01,2.87
ITM002,Pastilla de freno,WHS01,2025-04-01,14.33
ITM002,Pastilla de freno,WHS02,2025-04-01,25.79
ITM003,Bujía,WHS01,2025-04-01,22.93
ITM003,Bujía,WHS02,2025-04-01,5.73
ITM004,Amortiguador,WHS01,2025-04-01,11.46
ITM005,Kit de embrague,WHS01,2025-04-01,14.33
ITM005,Kit de embrague,WHS02,2025-04-01,2.87
ITM001,Filtro de aceite,WHS01,2025-04-02,8.6
ITM002,Pastilla de freno,WHS02,2025-04-02,5.73
ITM004,Amortiguador,WHS01,2025-04-02,11.46
ITM004,Amortiguador,WHS02,2025-04-02,11.46
ITM005,Kit de embrague,WHS01,2025-04-02,8.6
ITM005,Kit de embrague,WHS02,2025-04-02,25.79
ITM001,Filtro de aceite,WHS01,2025-04-03,25.79
ITM002,Pastilla de freno,WHS01,2025-04-03,11.46
ITM002,Pastilla de freno,WHS02,2025-04-03,2.87
ITM003,Bujía,WHS01,2025-04-03,5.73
ITM003,Bujía,WHS02,2025-04-03,25.79
ITM004,Amortiguador,WHS01,2025-04-03,2.87
ITM004,Amortiguador,WHS02,2025-04-03,11.46
ITM005,Kit de embrague,WHS02,2025-04-03,17.2
ITM001,Filtro de aceite,WHS01,2025-04-04,20.06
ITM001,Filtro de aceite,WHS02,2025-04-04,11.46
ITM002,Pastilla de freno,WHS01,2025-04-04,5.73
ITM002,Pastilla de freno,WHS02,2025-04-04,2.87
ITM003,Bujía,WHS01,2025-04-04,22.93
ITM003,Bujía,WHS02,2025-04-04,17.2
ITM004,Amortiguador,WHS01,2025-04-04,8.6
ITM004,Amortiguador,WHS02,2025-04-04,8.6
ITM005,Kit de embrague,WHS01,2025-04-04,22.93
ITM005,Kit de embrague,WHS02,2025-04-04,2.87
ITM002,Pastilla de freno,WHS01,2025-04-07,5.73
ITM003,Bujía,WHS01,2025-04-07,8.6
ITM003,Bujía,WHS02,2025-04-07,25.79
ITM004,Amortiguador,WHS01,2025-04-07,17.2
ITM004,Amortiguador,WHS02,2025-04-07,17.2
ITM005,Kit de embrague,WHS01,2025-04-07,25.79
ITM002,Pastilla de freno,WHS02,2025-04-08,17.2
ITM003,Bujía,WHS01,2025-04-08,5.73
ITM005,Kit de embrague,WHS01,2025-04-08,5.73
ITM005,Kit de embrague,WHS02,2025-04-08,22.93
ITM001,Filtro de aceite,WHS01,2025-04-09,17.2
ITM001,Filtro de aceite,WHS02,2025-04-09,17.2
ITM002,Pastilla de freno,WHS01,2025-04-09,14.33
ITM002,Pastilla de freno,WHS02,2025-04-09,8.6
ITM003,Bujía,WHS01,2025-04-09,20.06
ITM003,Bujía,WHS02,2025-04-09,20.06
ITM004,Amortiguador,WHS01,2025-04-09,25.79
ITM004,Amortiguador,WHS02,2025-04-09,20.06
ITM005,Kit de embrague,WHS01,2025-04-09,8.6
ITM005,Kit de embrague,WHS02,2025-04-09,20.06
ITM001,Filtro de aceite,WHS01,2025-04-10,2.87
ITM002,Pastilla de freno,WHS02,2025-04-10,14.33
ITM003,Bujía,WHS01,2025-04-10,11.46
ITM004,Amortiguador,WHS02,2025-04-10,11.46
ITM001,Filtro de aceite,WHS02,2025-04-11,17.2
ITM003,Bujía,WHS01,2025-04-11,17.2
ITM003,Bujía,WHS02,2025-04-11,22.93
ITM004,Amortiguador,WHS01,2025-04-11,22.93
ITM004,Amortiguador,WHS02,2025-04-11,8.6
ITM005,Kit de embrague,WHS01,2025-04-11,5.73
ITM005,Kit de embrague,WHS02,2025-04-11,2.87
ITM001,Filtro de aceite,WHS01,2025-04-14,2.87
ITM003,Bujía,WHS01,2025-04-14,8.6
ITM004,Amortiguador,WHS01,2025-04-14,25.79
ITM004,Amortiguador,WHS02,2025-04-14,20.06
ITM005,Kit de embrague,WHS02,2025-04-14,22.93
ITM002,Pastilla de freno,WHS01,2025-04-15,22.93
ITM002,Pastilla de freno,WHS02,2025-04-15,17.2
ITM003,Bujía,WHS02,2025-04-15,25.79
ITM004,Amortiguador,WHS01,2025-04-15,8.6
ITM004,Amortiguador,WHS02,2025-04-15,17.2
ITM005,Kit de embrague,WHS02,2025-04-15,25.79
ITM001,Filtro de aceite,WHS01,2025-04-16,8.6
ITM001,Filtro de aceite,WHS02,2025-04-16,20.06
ITM002,Pastilla de freno,WHS01,2025-04-16,22.93
ITM002,Pastilla de freno,WHS02,2025-04-16,5.73
ITM003,Bujía,WHS01,2025-04-16,5.73
ITM004,Amortiguador,WHS01,2025-04-16,22.93
ITM004,Amortiguador,WHS02,2025-04-16,5.73
ITM005,Kit de embrague,WHS01,2025-04-16,8.6
ITM005,Kit de embrague,WHS02,2025-04-16,5.73
ITM001,Filtro de aceite,WHS01,2025-04-17,22.93
ITM001,Filtro de aceite,WHS02,2025-04-17,2.87
ITM002,Pastilla de freno,WHS01,2025-04-17,2.87
ITM002,Pastilla de freno,WHS02,2025-04-17,11.46
ITM003,Bujía,WHS01,2025-04-17,17.2
ITM003,Bujía,WHS02,2025-04-17,11.46
ITM004,Amortiguador,WHS01,2025-04-17,25.79
ITM004,Amortiguador,WHS02,2025-04-17,22.93
ITM005,Kit de embrague,WHS01,2025-04-17,8.6
ITM005,Kit de embrague,WHS02,2025-04-17,20.06
ITM001,Filtro de aceite,WHS01,2025-04-18,2.87
ITM002,Pastilla de freno,WHS01,2025-04-18,5.73
ITM002,Pastilla de freno,WHS02,2025-04-18,2.87
ITM003,Bujía,WHS01,2025-04-18,8.6
ITM003,Bujía,WHS02,2025-04-18,17.2
ITM004,Amortiguador,WHS01,2025-04-18,11.46
ITM004,Amortiguador,WHS02,2025-04-18,2.87
ITM005,Kit de embrague,WHS02,2025-04-18,11.46
ITM001,Filtro de aceite,WHS01,2025-04-21,5.73
ITM001,Filtro de aceite,WHS02,2025-04-21,22.93
ITM004,Amortiguador,WHS01,2025-04-21,8.6
ITM005,Kit de embrague,WHS01,2025-04-21,22.93
ITM005,Kit de embrague,WHS02,2025-04-21,5.73
ITM002,Pastilla de freno,WHS02,2025-04-22,22.93
ITM003,Bujía,WHS01,2025-04-22,2.87
ITM003,Bujía,WHS02,2025-04-22,25.79
ITM004,Amortiguador,WHS01,2025-04-22,25.79
ITM004,Amortiguador,WHS02,2025-04-22,8.6
ITM005,Kit de embrague,WHS01,2025-04-22,22.93
ITM002,Pastilla de freno,WHS01,2025-04-23,8.6
ITM003,Bujía,WHS02,2025-04-23,14.33
ITM004,Amortiguador,WHS01,2025-04-23,22.93
ITM004,Amortiguador,WHS02,2025-04-23,25.79
ITM005,Kit de embrague,WHS01,2025-04-23,22.93
ITM005,Kit de embrague,WHS02,2025-04-23,25.79
ITM001,Filtro de aceite,WHS01,2025-04-24,8.6
ITM001,Filtro de aceite,WHS02,2025-04-24,2.87
ITM002,Pastilla de freno,WHS01,2025-04-24,8.6
ITM002,Pastilla de freno,WHS02,2025-04-24,20.06
ITM003,Bujía,WHS01,2025-04-24,5.73
ITM004,Amortiguador,WHS01,2025-04-24,5.73
ITM004,Amortiguador,WHS02,2025-04-24,11.46
ITM001,Filtro de aceite,WHS01,2025-04-25,14.33
ITM001,Filtro de aceite,WHS02,2025-04-25,25.79
ITM002,Pastilla de freno,WHS02,2025-04-25,25.79
ITM003,Bujía,WHS01,2025-04-25,22.93
ITM003,Bujía,WHS02,2025-04-25,8.6
ITM004,Amortiguador,WHS01,2025-04-25,22.93
ITM004,Amortiguador,WHS02,2025-04-25,17.2
ITM001,Filtro de aceite,WHS01,2025-04-28,22.93
ITM002,Pastilla de freno,WHS02,2025-04-28,22.93
ITM003,Bujía,WHS01,2025-04-28,8.6
ITM003,Bujía,WHS02,2025-04-28,20.06
ITM004,Amortiguador,WHS02,2025-04-28,2.87
ITM005,Kit de embrague,WHS01,2025-04-28,25.79
ITM001,Filtro de aceite,WHS02,2025-04-29,17.2
ITM002,Pastilla de freno,WHS02,2025-04-29,8.6
ITM003,Bujía,WHS01,2025-04-29,11.46
ITM004,Amortiguador,WHS01,2025-04-29,5.73
ITM005,Kit de embrague,WHS01,2025-04-29,20.06
ITM005,Kit de embrague,WHS02,2025-04-29,11.46
ITM001,Filtro de aceite,WHS01,2025-04-30,5.73
ITM001,Filtro de aceite,WHS02,2025-04-30,20.06
ITM002,Pastilla de freno,WHS02,2025-04-30,25.79
ITM005,Kit de embrague,WHS01,2025-04-30,25.79
ITM005,Kit de embrague,WHS02,2025-04-30,25.79
ITM002,Pastilla de freno,WHS01,2025-05-01,15.0
ITM002,Pastilla de freno,WHS02,2025-05-01,15.0
ITM003,Bujía,WHS01,2025-05-01,20.0
ITM003,Bujía,WHS02,2025-05-01,12.5
ITM004,Amortiguador,WHS01,2025-05-01,5.0
ITM004,Amortiguador,WHS02,2025-05-01,10.0
ITM005,Kit de embrague,WHS02,2025-05-01,15.0
ITM001,Filtro de aceite,WHS01,2025-05-02,12.5
ITM002,Pastilla de freno,WHS01,2025-05-02,7.5
ITM003,Bujía,WHS01,2025-05-02,15.0
ITM005,Kit de embrague,WHS01,2025-05-02,20.0
ITM005,Kit de embrague,WHS02,2025-05-02,2.5
ITM001,Filtro de aceite,WHS01,2025-05-05,7.5
ITM001,Filtro de aceite,WHS02,2025-05-05,10.0
ITM002,Pastilla de freno,WHS01,2025-05-05,22.5
ITM002,Pastilla de freno,WHS02,2025-05-05,10.0
ITM003,Bujía,WHS02,2025-05-05,5.0
ITM005,Kit de embrague,WHS01,2025-05-05,5.0
ITM005,Kit de embrague,WHS02,2025-05-05,7.5
ITM001,Filtro de aceite,WHS01,2025-05-06,2.5
ITM001,Filtro de aceite,WHS02,2025-05-06,20.0
ITM002,Pastilla de freno,WHS01,2025-05-06,20.0
ITM002,Pastilla de freno,WHS02,2025-05-06,12.5
ITM003,Bujía,WHS01,2025-05-06,17.5
ITM004,Amortiguador,WHS01,2025-05-06,7.5
ITM004,Amortiguador,WHS02,2025-05-06,2.5
ITM001,Filtro de aceite,WHS02,2025-05-07,22.5
ITM002,Pastilla de freno,WHS01,2025-05-07,5.0
ITM002,Pastilla de freno,WHS02,2025-05-07,7.5
ITM004,Amortiguador,WHS01,2025-05-07,10.0
ITM004,Amortiguador,WHS02,2025-05-07,2.5
ITM005,Kit de embrague,WHS01,2025-05-07,5.0
ITM005,Kit de embrague,WHS02,2025-05-07,2.5
ITM001,Filtro de aceite,WHS01,2025-05-08,5.0
ITM001,Filtro de aceite,WHS02,2025-05-08,10.0
ITM002,Pastilla de freno,WHS01,2025-05-08,7.5
ITM003,Bujía,WHS01,2025-05-08,10.0
ITM003,Bujía,WHS02,2025-05-08,12.5
ITM004,Amortiguador,WHS01,2025-05-08,2.5
ITM005,Kit de embrague,WHS01,2025-05-08,20.0
ITM001,Filtro de aceite,WHS01,2025-05-09,5.0
ITM001,Filtro de aceite,WHS02,2025-05-09,12.5
ITM002,Pastilla de freno,WHS01,2025-05-09,20.0
ITM002,Pastilla de freno,WHS02,2025-05-09,7.5
ITM004,Amortiguador,WHS01,2025-05-09,22.5
ITM004,Amortiguador,WHS02,2025-05-09,7.5
ITM005,Kit de embrague,WHS01,2025-05-09,10.0
ITM001,Filtro de aceite,WHS02,2025-05-12,20.0
ITM002,Pastilla de freno,WHS01,2025-05-12,10.0
ITM002,Pastilla de freno,WHS02,2025-05-12,2.5
ITM004,Amortiguador,WHS01,2025-05-12,20.0
ITM004,Amortiguador,WHS02,2025-05-12,10.0
ITM005,Kit de embrague,WHS01,2025-05-12,20.0
ITM005,Kit de embrague,WHS02,2025-05-12,5.0
ITM001,Filtro de aceite,WHS01,2025-05-13,7.5
ITM002,Pastilla de freno,WHS01,2025-05-13,10.0
ITM003,Bujía,WHS01,2025-05-13,7.5
ITM003,Bujía,WHS02,2025-05-13,10.0
ITM004,Amortiguador,WHS01,2025-05-13,22.5
ITM004,Amortiguador,WHS02,2025-05-13,5.0
ITM005,Kit de embrague,WHS01,2025-05-13,2.5
ITM005,Kit de embrague,WHS02,2025-05-13,12.5
ITM002,Pastilla de freno,WHS01,2025-05-14,10.0
ITM002,Pastilla de freno,WHS02,2025-05-14,5.0
ITM003,Bujía,WHS01,2025-05-14,10.0
ITM003,Bujía,WHS02,2025-05-14,7.5
ITM005,Kit de embrague,WHS01,2025-05-14,10.0
ITM001,Filtro de aceite,WHS02,2025-05-15,2.5
ITM002,Pastilla de freno,WHS01,2025-05-15,15.0
ITM002,Pastilla de freno,WHS02,2025-05-15,2.5
ITM003,Bujía,WHS01,2025-05-15,2.5
ITM004,Amortiguador,WHS02,2025-05-15,22.5
ITM005,Kit de embrague,WHS01,2025-05-15,17.5
ITM005,Kit de embrague,WHS02,2025-05-15,15.0
ITM001,Filtro de aceite,WHS01,2025-05-16,2.5
ITM001,Filtro de aceite,WHS02,2025-05-16,5.0
ITM002,Pastilla de freno,WHS01,2025-05-16,10.0
ITM002,Pastilla de freno,WHS02,2025-05-16,5.0
ITM004,Amortiguador,WHS01,2025-05-16,5.0
ITM004,Amortiguador,WHS02,2025-05-16,2.5
ITM005,Kit de embrague,WHS01,2025-05-16,15.0
ITM005,Kit de embrague,WHS02,2025-05-16,20.0
ITM001,Filtro de aceite,WHS01,2025-05-19,7.5
ITM003,Bujía,WHS01,2025-05-19,17.5
ITM003,Bujía,WHS02,2025-05-19,12.5
ITM004,Amortiguador,WHS01,2025-05-19,7.5
ITM004,Amortiguador,WHS02,2025-05-19,5.0
ITM005,Kit de embrague,WHS01,2025-05-19,15.0
ITM005,Kit de embrague,WHS02,2025-05-19,2.5
ITM001,Filtro de aceite,WHS01,2025-05-20,20.0
ITM001,Filtro de aceite,WHS02,2025-05-20,20.0
ITM002,Pastilla de freno,WHS01,2025-05-20,7.5
ITM003,Bujía,WHS01,2025-05-20,12.5
ITM003,Bujía,WHS02,2025-05-20,12.5
ITM005,Kit de embrague,WHS01,2025-05-20,10.0
ITM001,Filtro de aceite,WHS01,2025-05-21,17.5
ITM001,Filtro de aceite,WHS02,2025-05-21,2.5
ITM002,Pastilla de freno,WHS01,2025-05-21,20.0
ITM002,Pastilla de freno,WHS02,2025-05-21,5.0
ITM003,Bujía,WHS01,2025-05-21,10.0
ITM003,Bujía,WHS02,2025-05-21,10.0
ITM004,Amortiguador,WHS01,2025-05-21,5.0
ITM004,Amortiguador,WHS02,2025-05-21,17.5
ITM005,Kit de embrague,WHS01,2025-05-21,2.5
ITM001,Filtro de aceite,WHS02,2025-05-22,15.0
ITM003,Bujía,WHS01,2025-05-22,20.0
ITM003,Bujía,WHS02,2025-05-22,12.5
ITM004,Amortiguador,WHS01,2025-05-22,10.0
ITM005,Kit de embrague,WHS02,2025-05-22,15.0
ITM001,Filtro de aceite,WHS01,2025-05-23,5.0
ITM001,Filtro de aceite,WHS02,2025-05-23,22.5
ITM002,Pastilla de freno,WHS01,2025-05-23,10.0
ITM002,Pastilla de freno,WHS02,2025-05-23,2.5
ITM003,Bujía,WHS01,2025-05-23,5.0
ITM003,Bujía,WHS02,2025-05-23,12.5
ITM004,Amortiguador,WHS01,2025-05-23,7.5
ITM004,Amortiguador,WHS02,2025-05-23,12.5
ITM005,Kit de embrague,WHS01,2025-05-23,12.5
ITM001,Filtro de aceite,WHS01,2025-05-26,17.5
ITM002,Pastilla de freno,WHS02,2025-05-26,2.5
ITM004,Amortiguador,WHS01,2025-05-26,12.5
ITM004,Amortiguador,WHS02,2025-05-26,7.5
ITM005,Kit de embrague,WHS01,2025-05-26,17.5
ITM002,Pastilla de freno,WHS01,2025-05-27,10.0
ITM002,Pastilla de freno,WHS02,2025-05-27,10.0
ITM003,Bujía,WHS01,2025-05-27,5.0
ITM003,Bujía,WHS02,2025-05-27,22.5
ITM004,Amortiguador,WHS02,2025-05-27,12.5
ITM005,Kit de embrague,WHS01,2025-05-27,17.5
ITM005,Kit de embrague,WHS02,2025-05-27,10.0
ITM001,Filtro de aceite,WHS01,2025-05-28,22.5
ITM001,Filtro de aceite,WHS02,2025-05-28,20.0
ITM002,Pastilla de freno,WHS01,2025-05-28,10.0
ITM002,Pastilla de freno,WHS02,2025-05-28,20.0
ITM003,Bujía,WHS01,2025-05-28,22.5
ITM004,Amortiguador,WHS01,2025-05-28,2.5
ITM005,Kit de embrague,WHS01,2025-05-28,22.5
ITM005,Kit de embrague,WHS02,2025-05-28,7.5
ITM001,Filtro de aceite,WHS01,2025-05-29,12.5
ITM001,Filtro de aceite,WHS02,2025-05-29,20.0
ITM003,Bujía,WHS01,2025-05-29,2.5
ITM003,Bujía,WHS02,2025-05-29,20.0
ITM004,Amortiguador,WHS01,2025-05-29,22.5
ITM004,Amortiguador,WHS02,2025-05-29,12.5
ITM005,Kit de embrague,WHS02,2025-05-29,20.0
ITM001,Filtro de aceite,WHS01,2025-05-30,12.5
ITM001,Filtro de aceite,WHS02,2025-05-30,7.5
ITM002,Pastilla de freno,WHS02,2025-05-30,12.5
ITM003,Bujía,WHS01,2025-05-30,7.5
ITM004,Amortiguador,WHS01,2025-05-30,20.0
ITM005,Kit de embrague,WHS01,2025-05-30,2.5
ITM001,Filtro de aceite,WHS02,2025-06-02,10.0
ITM002,Pastilla de freno,WHS01,2025-06-02,12.0
ITM002,Pastilla de freno,WHS02,2025-06-02,8.0
ITM003,Bujía,WHS02,2025-06-02,4.0
ITM004,Amortiguador,WHS01,2025-06-02,18.0
ITM005,Kit de embrague,WHS01,2025-06-02,6.0
ITM005,Kit de embrague,WHS02,2025-06-02,8.0
ITM001,Filtro de aceite,WHS02,2025-06-03,10.0
ITM002,Pastilla de freno,WHS01,2025-06-03,6.0
ITM002,Pastilla de freno,WHS02,2025-06-03,14.0
ITM003,Bujía,WHS01,2025-06-03,16.0
ITM005,Kit de embrague,WHS01,2025-06-03,2.0
ITM001,Filtro de aceite,WHS01,2025-06-04,12.0
ITM001,Filtro de aceite,WHS02,2025-06-04,6.0
ITM002,Pastilla de freno,WHS01,2025-06-04,12.0
ITM002,Pastilla de freno,WHS02,2025-06-04,16.0
ITM003,Bujía,WHS01,2025-06-04,12.0
ITM004,Amortiguador,WHS01,2025-06-04,8.0
ITM004,Amortiguador,WHS02,2025-06-04,8.0
ITM005,Kit de embrague,WHS01,2025-06-04,16.0
ITM005,Kit de embrague,WHS02,2025-06-04,6.0
ITM001,Filtro de aceite,WHS02,2025-06-05,8.0
ITM002,Pastilla de freno,WHS01,2025-06-05,10.0
ITM002,Pastilla de freno,WHS02,2025-06-05,4.0
ITM003,Bujía,WHS01,2025-06-05,12.0
ITM003,Bujía,WHS02,2025-06-05,18.0
ITM004,Amortiguador,WHS01,2025-06-05,18.0
ITM004,Amortiguador,WHS02,2025-06-05,16.0
ITM005,Kit de embrague,WHS01,2025-06-05,16.0
ITM005,Kit de embrague,WHS02,2025-06-05,12.0
ITM002,Pastilla de freno,WHS01,2025-06-06,8.0
ITM003,Bujía,WHS01,2025-06-06,10.0
ITM005,Kit de embrague,WHS02,2025-06-06,16.0
ITM001,Filtro de aceite,WHS01,2025-06-09,12.0
ITM002,Pastilla de freno,WHS01,2025-06-09,8.0
ITM002,Pastilla de freno,WHS02,2025-06-09,12.0
ITM003,Bujía,WHS01,2025-06-09,12.0
ITM003,Bujía,WHS02,2025-06-09,8.0
ITM004,Amortiguador,WHS02,2025-06-09,6.0
ITM005,Kit de embrague,WHS01,2025-06-09,4.0
ITM001,Filtro de aceite,WHS02,2025-06-10,6.0
ITM002,Pastilla de freno,WHS02,2025-06-10,8.0
ITM003,Bujía,WHS01,2025-06-10,6.0
ITM003,Bujía,WHS02,2025-06-10,12.0
ITM004,Amortiguador,WHS01,2025-06-10,6.0
ITM004,Amortiguador,WHS02,2025-06-10,10.0
ITM005,Kit de embrague,WHS02,2025-06-10,16.0
ITM001,Filtro de aceite,WHS01,2025-06-11,4.0
ITM002,Pastilla de freno,WHS02,2025-06-11,16.0
ITM003,Bujía,WHS01,2025-06-11,16.0
ITM003,Bujía,WHS02,2025-06-11,18.0
ITM004,Amortiguador,WHS01,2025-06-11,12.0
ITM005,Kit de embrague,WHS01,2025-06-11,14.0
ITM001,Filtro de aceite,WHS02,2025-06-12,10.0
ITM002,Pastilla de freno,WHS01,2025-06-12,6.0
ITM003,Bujía,WHS02,2025-06-12,8.0
ITM004,Amortiguador,WHS01,2025-06-12,4.0
ITM004,Amortiguador,WHS02,2025-06-12,6.0
ITM001,Filtro de aceite,WHS01,2025-06-13,6.0
ITM001,Filtro de aceite,WHS02,2025-06-13,6.0
ITM002,Pastilla de freno,WHS02,2025-06-13,16.0
ITM003,Bujía,WHS01,2025-06-13,16.0
ITM003,Bujía,WHS02,2025-06-13,14.0
ITM005,Kit de embrague,WHS01,2025-06-13,6.0
ITM005,Kit de embrague,WHS02,2025-06-13,2.0
ITM001,Filtro de aceite,WHS01,2025-06-16,14.0
ITM001,Filtro de aceite,WHS02,2025-06-16,18.0
ITM002,Pastilla de freno,WHS01,2025-06-16,18.0
ITM002,Pastilla de freno,WHS02,2025-06-16,6.0
ITM003,Bujía,WHS01,2025-06-16,12.0
ITM004,Amortiguador,WHS01,2025-06-16,10.0
ITM004,Amortiguador,WHS02,2025-06-16,12.0
ITM005,Kit de embrague,WHS01,2025-06-16,12.0
ITM001,Filtro de aceite,WHS01,2025-06-17,18.0
ITM001,Filtro de aceite,WHS02,2025-06-17,2.0
ITM002,Pastilla de freno,WHS02,2025-06-17,14.0
ITM003,Bujía,WHS01,2025-06-17,8.0
ITM004,Amortiguador,WHS01,2025-06-17,12.0
ITM004,Amortiguador,WHS02,2025-06-17,14.0
ITM005,Kit de embrague,WHS01,2025-06-17,14.0
ITM005,Kit de embrague,WHS02,2025-06-17,4.0
ITM001,Filtro de aceite,WHS01,2025-06-18,4.0
ITM002,Pastilla de freno,WHS01,2025-06-18,18.0
ITM002,Pastilla de freno,WHS02,2025-06-18,18.0
ITM003,Bujía,WHS02,2025-06-18,10.0
ITM004,Amortiguador,WHS01,2025-06-18,6.0
ITM004,Amortiguador,WHS02,2025-06-18,4.0
ITM005,Kit de embrague,WHS01,2025-06-18,10.0
ITM005,Kit de embrague,WHS02,2025-06-18,6.0
ITM001,Filtro de aceite,WHS01,2025-06-19,10.0
ITM001,Filtro de aceite,WHS02,2025-06-19,10.0
ITM003,Bujía,WHS01,2025-06-19,2.0
ITM003,Bujía,WHS02,2025-06-19,18.0
ITM004,Amortiguador,WHS02,2025-06-19,16.0
ITM005,Kit de embrague,WHS02,2025-06-19,4.0
ITM001,Filtro de aceite,WHS01,2025-06-20,6.0
ITM001,Filtro de aceite,WHS02,2025-06-20,10.0
ITM002,Pastilla de freno,WHS01,2025-06-20,6.0
ITM002,Pastilla de freno,WHS02,2025-06-20,18.0
ITM003,Bujía,WHS01,2025-06-20,14.0
ITM004,Amortiguador,WHS01,2025-06-20,12.0
ITM004,Amortiguador,WHS02,2025-06-20,14.0
ITM005,Kit de embrague,WHS01,2025-06-20,2.0
ITM005,Kit de embrague,WHS02,2025-06-20,2.0
ITM002,Pastilla de freno,WHS01,2025-06-23,14.0
ITM002,Pastilla de freno,WHS02,2025-06-23,14.0
ITM003,Bujía,WHS01,2025-06-23,14.0
ITM003,Bujía,WHS02,2025-06-23,10.0
ITM005,Kit de embrague,WHS01,2025-06-23,16.0
ITM005,Kit de embrague,WHS02,2025-06-23,6.0
ITM001,Filtro de aceite,WHS01,2025-06-24,16.0
ITM002,Pastilla de freno,WHS01,2025-06-24,4.0
ITM002,Pastilla de freno,WHS02,2025-06-24,18.0
ITM003,Bujía,WHS01,2025-06-24,10.0
ITM003,Bujía,WHS02,2025-06-24,18.0
ITM004,Amortiguador,WHS02,2025-06-24,16.0
ITM005,Kit de embrague,WHS01,2025-06-24,4.0
ITM005,Kit de embrague,WHS02,2025-06-24,8.0
ITM001,Filtro de aceite,WHS02,2025-06-25,2.0
ITM002,Pastilla de freno,WHS01,2025-06-25,4.0
ITM003,Bujía,WHS01,2025-06-25,14.0
ITM003,Bujía,WHS02,2025-06-25,14.0
ITM004,Amortiguador,WHS01,2025-06-25,14.0
ITM004,Amortiguador,WHS02,2025-06-25,2.0
ITM005,Kit de embrague,WHS01,2025-06-25,10.0
ITM005,Kit de embrague,WHS02,2025-06-25,16.0
ITM001,Filtro de aceite,WHS01,2025-06-26,2.0
ITM002,Pastilla de freno,WHS01,2025-06-26,4.0
ITM002,Pastilla de freno,WHS02,2025-06-26,6.0
ITM003,Bujía,WHS01,2025-06-26,8.0
ITM003,Bujía,WHS02,2025-06-26,10.0
ITM004,Amortiguador,WHS01,2025-06-26,2.0
ITM004,Amortiguador,WHS02,2025-06-26,8.0
ITM005,Kit de embrague,WHS01,2025-06-26,6.0
ITM001,Filtro de aceite,WHS01,2025-06-27,18.0
ITM001,Filtro de aceite,WHS02,2025-06-27,14.0
ITM002,Pastilla de freno,WHS02,2025-06-27,12.0
ITM003,Bujía,WHS02,2025-06-27,16.0
ITM004,Amortiguador,WHS01,2025-06-27,8.0
ITM004,Amortiguador,WHS02,2025-06-27,6.0
ITM005,Kit de embrague,WHS01,2025-06-27,16.0
ITM005,Kit de embrague,WHS02,2025-06-27,14.0
ITM001,Filtro de aceite,WHS01,2025-06-30,16.0
ITM001,Filtro de aceite,WHS02,2025-06-30,4.0
ITM002,Pastilla de freno,WHS01,2025-06-30,6.0
ITM002,Pastilla de freno,WHS02,2025-06-30,16.0
ITM003,Bujía,WHS02,2025-06-30,18.0
ITM004,Amortiguador,WHS01,2025-06-30,18.0
ITM004,Amortiguador,WHS02,2025-06-30,10.0
ITM005,Kit de embrague,WHS01,2025-06-30,12.0
ITM001,Filtro de aceite,WHS01,2025-07-01,13.5
ITM001,Filtro de aceite,WHS02,2025-07-01,12.0
ITM002,Pastilla de freno,WHS02,2025-07-01,13.5
ITM003,Bujía,WHS01,2025-07-01,13.5
ITM003,Bujía,WHS02,2025-07-01,9.0
ITM004,Amortiguador,WHS01,2025-07-01,12.0
ITM005,Kit de embrague,WHS02,2025-07-01,13.5
ITM001,Filtro de aceite,WHS01,2025-07-02,9.0
ITM001,Filtro de aceite,WHS02,2025-07-02,1.5
ITM003,Bujía,WHS01,2025-07-02,9.0
ITM003,Bujía,WHS02,2025-07-02,4.5
ITM004,Amortiguador,WHS01,2025-07-02,9.0
ITM004,Amortiguador,WHS02,2025-07-02,12.0
ITM005,Kit de embrague,WHS01,2025-07-02,13.5
ITM001,Filtro de aceite,WHS01,2025-07-03,10.5
ITM002,Pastilla de freno,WHS01,2025-07-03,6.0
ITM002,Pastilla de freno,WHS02,2025-07-03,12.0
ITM003,Bujía,WHS01,2025-07-03,4.5
ITM003,Bujía,WHS02,2025-07-03,7.5
ITM004,Amortiguador,WHS01,2025-07-03,1.5
ITM004,Amortiguador,WHS02,2025-07-03,10.5
ITM005,Kit de embrague,WHS01,2025-07-03,4.5
ITM001,Filtro de aceite,WHS01,2025-07-04,7.5
ITM001,Filtro de aceite,WHS02,2025-07-04,13.5
ITM002,Pastilla de freno,WHS01,2025-07-04,7.5
ITM003,Bujía,WHS01,2025-07-04,6.0
ITM003,Bujía,WHS02,2025-07-04,6.0
ITM004,Amortiguador,WHS01,2025-07-04,13.5
ITM005,Kit de embrague,WHS01,2025-07-04,9.0
ITM005,Kit de embrague,WHS02,2025-07-04,13.5
ITM001,Filtro de aceite,WHS01,2025-07-07,13.5
ITM001,Filtro de aceite,WHS02,2025-07-07,6.0
ITM003,Bujía,WHS01,2025-07-07,13.5
ITM004,Amortiguador,WHS02,2025-07-07,1.5
ITM005,Kit de embrague,WHS01,2025-07-07,3.0
ITM005,Kit de embrague,WHS02,2025-07-07,10.5
ITM001,Filtro de aceite,WHS01,2025-07-08,10.5
ITM002,Pastilla de freno,WHS01,2025-07-08,4.5
ITM003,Bujía,WHS01,2025-07-08,4.5
ITM003,Bujía,WHS02,2025-07-08,9.0
ITM004,Amortiguador,WHS01,2025-07-08,9.0
ITM004,Amortiguador,WHS02,2025-07-08,7.5
ITM005,Kit de embrague,WHS01,2025-07-08,12.0
ITM001,Filtro de aceite,WHS01,2025-07-09,9.0
ITM001,Filtro de aceite,WHS02,2025-07-09,13.5
ITM002,Pastilla de freno,WHS02,2025-07-09,4.5
ITM003,Bujía,WHS01,2025-07-09,13.5
ITM003,Bujía,WHS02,2025-07-09,3.0
ITM004,Amortiguador,WHS01,2025-07-09,6.0
ITM005,Kit de embrague,WHS02,2025-07-09,1.5
ITM001,Filtro de aceite,WHS01,2025-07-10,7.5
ITM001,Filtro de aceite,WHS02,2025-07-10,13.5
ITM003,Bujía,WHS01,2025-07-10,9.0
ITM003,Bujía,WHS02,2025-07-10,7.5
ITM004,Amortiguador,WHS01,2025-07-10,4.5
ITM004,Amortiguador,WHS02,2025-07-10,7.5
ITM005,Kit de embrague,WHS01,2025-07-10,12.0
ITM005,Kit de embrague,WHS02,2025-07-10,12.0
ITM001,Filtro de aceite,WHS01,2025-07-11,7.5
ITM001,Filtro de aceite,WHS02,2025-07-11,1.5
ITM002,Pastilla de freno,WHS02,2025-07-11,9.0
ITM003,Bujía,WHS01,2025-07-11,13.5
ITM003,Bujía,WHS02,2025-07-11,9.0
ITM004,Amortiguador,WHS01,2025-07-11,1.5
ITM004,Amortiguador,WHS02,2025-07-11,13.5
ITM005,Kit de embrague,WHS02,2025-07-11,9.0
ITM001,Filtro de aceite,WHS01,2025-07-14,3.0
ITM002,Pastilla de freno,WHS01,2025-07-14,12.0
ITM002,Pastilla de freno,WHS02,2025-07-14,7.5
ITM004,Amortiguador,WHS01,2025-07-14,10.5
ITM005,Kit de embrague,WHS01,2025-07-14,9.0
ITM005,Kit de embrague,WHS02,2025-07-14,4.5
ITM001,Filtro de aceite,WHS02,2025-07-15,1.5
ITM002,Pastilla de freno,WHS01,2025-07-15,6.0
ITM002,Pastilla de freno,WHS02,2025-07-15,6.0
ITM003,Bujía,WHS01,2025-07-15,13.5
ITM003,Bujía,WHS02,2025-07-15,6.0
ITM004,Amortiguador,WHS01,2025-07-15,4.5
ITM004,Amortiguador,WHS02,2025-07-15,4.5
ITM005,Kit de embrague,WHS01,2025-07-15,9.0
ITM005,Kit de embrague,WHS02,2025-07-15,1.5
ITM001,Filtro de aceite,WHS01,2025-07-16,9.0
ITM003,Bujía,WHS01,2025-07-16,6.0
ITM003,Bujía,WHS02,2025-07-16,9.0
ITM004,Amortiguador,WHS01,2025-07-16,1.5
ITM005,Kit de embrague,WHS01,2025-07-16,3.0
ITM005,Kit de embrague,WHS02,2025-07-16,6.0
ITM001,Filtro de aceite,WHS01,2025-07-17,10.5
ITM001,Filtro de aceite,WHS02,2025-07-17,1.5
ITM002,Pastilla de freno,WHS02,2025-07-17,10.5
ITM003,Bujía,WHS01,2025-07-17,10.5
ITM003,Bujía,WHS02,2025-07-17,7.5
ITM004,Amortiguador,WHS01,2025-07-17,7.5
ITM004,Amortiguador,WHS02,2025-07-17,1.5
ITM005,Kit de embrague,WHS02,2025-07-17,10.5
ITM001,Filtro de aceite,WHS02,2025-07-18,3.0
ITM002,Pastilla de freno,WHS01,2025-07-18,6.0
ITM002,Pastilla de freno,WHS02,2025-07-18,3.0
ITM003,Bujía,WHS01,2025-07-18,6.0
ITM003,Bujía,WHS02,2025-07-18,4.5
ITM005,Kit de embrague,WHS01,2025-07-18,10.5
ITM005,Kit de embrague,WHS02,2025-07-18,10.5
ITM001,Filtro de aceite,WHS01,2025-07-21,9.0
ITM002,Pastilla de freno,WHS01,2025-07-21,10.5
ITM002,Pastilla de freno,WHS02,2025-07-21,3.0
ITM003,Bujía,WHS01,2025-07-21,7.5
ITM003,Bujía,WHS02,2025-07-21,9.0
ITM004,Amortiguador,WHS01,2025-07-21,4.5
ITM004,Amortiguador,WHS02,2025-07-21,10.5
ITM005,Kit de embrague,WHS01,2025-07-21,12.0
ITM005,Kit de embrague,WHS02,2025-07-21,6.0
ITM001,Filtro de aceite,WHS01,2025-07-22,12.0
ITM001,Filtro de aceite,WHS02,2025-07-22,9.0
ITM002,Pastilla de freno,WHS02,2025-07-22,3.0
ITM003,Bujía,WHS01,2025-07-22,13.5
ITM004,Amortiguador,WHS01,2025-07-22,1.5
ITM005,Kit de embrague,WHS01,2025-07-22,1.5
ITM001,Filtro de aceite,WHS02,2025-07-23,4.5
ITM002,Pastilla de freno,WHS02,2025-07-23,9.0
ITM003,Bujía,WHS01,2025-07-23,7.5
ITM003,Bujía,WHS02,2025-07-23,4.5
ITM004,Amortiguador,WHS01,2025-07-23,4.5
ITM005,Kit de embrague,WHS01,2025-07-23,9.0
ITM005,Kit de embrague,WHS02,2025-07-23,10.5
ITM001,Filtro de aceite,WHS01,2025-07-24,9.0
ITM001,Filtro de aceite,WHS02,2025-07-24,10.5
ITM002,Pastilla de freno,WHS01,2025-07-24,10.5
ITM003,Bujía,WHS01,2025-07-24,12.0
ITM003,Bujía,WHS02,2025-07-24,13.5
ITM004,Amortiguador,WHS01,2025-07-24,1.5
ITM004,Amortiguador,WHS02,2025-07-24,10.5
ITM005,Kit de embrague,WHS01,2025-07-24,1.5
ITM005,Kit de embrague,WHS02,2025-07-24,9.0
ITM001,Filtro de aceite,WHS01,2025-07-25,9.0
ITM003,Bujía,WHS01,2025-07-25,6.0
ITM003,Bujía,WHS02,2025-07-25,10.5
ITM004,Amortiguador,WHS02,2025-07-25,9.0
ITM005,Kit de embrague,WHS02,2025-07-25,4.5
ITM001,Filtro de aceite,WHS02,2025-07-28,13.5
ITM002,Pastilla de freno,WHS01,2025-07-28,10.5
ITM002,Pastilla de freno,WHS02,2025-07-28,10.5
ITM004,Amortiguador,WHS01,2025-07-28,12.0
ITM004,Amortiguador,WHS02,2025-07-28,3.0
ITM005,Kit de embrague,WHS01,2025-07-28,3.0
ITM005,Kit de embrague,WHS02,2025-07-28,4.5
ITM001,Filtro de aceite,WHS01,2025-07-29,3.0
ITM001,Filtro de aceite,WHS02,2025-07-29,9.0
ITM002,Pastilla de freno,WHS02,2025-07-29,6.0
ITM004,Amortiguador,WHS01,2025-07-29,3.0
ITM004,Amortiguador,WHS02,2025-07-29,1.5
ITM005,Kit de embrague,WHS01,2025-07-29,9.0
ITM001,Filtro de aceite,WHS01,2025-07-30,6.0
ITM001,Filtro de aceite,WHS02,2025-07-30,12.0
ITM002,Pastilla de freno,WHS01,2025-07-30,6.0
ITM002,Pastilla de freno,WHS02,2025-07-30,4.5
ITM003,Bujía,WHS01,2025-07-30,3.0
ITM003,Bujía,WHS02,2025-07-30,10.5
ITM004,Amortiguador,WHS01,2025-07-30,1.5
ITM005,Kit de embrague,WHS01,2025-07-30,7.5
ITM005,Kit de embrague,WHS02,2025-07-30,10.5
ITM001,Filtro de aceite,WHS01,2025-07-31,1.5
ITM002,Pastilla de freno,WHS01,2025-07-31,10.5
ITM002,Pastilla de freno,WHS02,2025-07-31,10.5
ITM003,Bujía,WHS02,2025-07-31,3.0
ITM004,Amortiguador,WHS01,2025-07-31,13.5
ITM001,Filtro de aceite,WHS01,2025-08-01,9.07
ITM001,Filtro de aceite,WHS02,2025-08-01,4.54
ITM003,Bujía,WHS01,2025-08-01,5.67
ITM003,Bujía,WHS02,2025-08-01,9.07
ITM004,Amortiguador,WHS01,2025-08-01,9.07
ITM004,Amortiguador,WHS02,2025-08-01,5.67
ITM005,Kit de embrague,WHS02,2025-08-01,6.8
ITM001,Filtro de aceite,WHS01,2025-08-04,2.27
ITM001,Filtro de aceite,WHS02,2025-08-04,7.94
ITM003,Bujía,WHS02,2025-08-04,2.27
ITM004,Amortiguador,WHS01,2025-08-04,6.8
ITM004,Amortiguador,WHS02,2025-08-04,7.94
ITM005,Kit de embrague,WHS02,2025-08-04,3.4
ITM001,Filtro de aceite,WHS01,2025-08-05,6.8
ITM001,Filtro de aceite,WHS02,2025-08-05,10.21
ITM002,Pastilla de freno,WHS01,2025-08-05,1.13
ITM002,Pastilla de freno,WHS02,2025-08-05,3.4
ITM003,Bujía,WHS02,2025-08-05,2.27
ITM004,Amortiguador,WHS01,2025-08-05,10.21
ITM005,Kit de embrague,WHS01,2025-08-05,5.67
ITM001,Filtro de aceite,WHS01,2025-08-06,4.54
ITM001,Filtro de aceite,WHS02,2025-08-06,6.8
ITM002,Pastilla de freno,WHS02,2025-08-06,6.8
ITM003,Bujía,WHS02,2025-08-06,6.8
ITM004,Amortiguador,WHS01,2025-08-06,4.54
ITM004,Amortiguador,WHS02,2025-08-06,6.8
ITM005,Kit de embrague,WHS01,2025-08-06,6.8
ITM001,Filtro de aceite,WHS02,2025-08-07,9.07
ITM002,Pastilla de freno,WHS01,2025-08-07,6.8
ITM002,Pastilla de freno,WHS02,2025-08-07,6.8
ITM003,Bujía,WHS01,2025-08-07,5.67
ITM003,Bujía,WHS02,2025-08-07,7.94
ITM004,Amortiguador,WHS01,2025-08-07,9.07
ITM004,Amortiguador,WHS02,2025-08-07,1.13
ITM005,Kit de embrague,WHS01,2025-08-07,7.94
ITM005,Kit de embrague,WHS02,2025-08-07,1.13
ITM001,Filtro de aceite,WHS01,2025-08-08,3.4
ITM001,Filtro de aceite,WHS02,2025-08-08,1.13
ITM002,Pastilla de freno,WHS01,2025-08-08,10.21
ITM002,Pastilla de freno,WHS02,2025-08-08,10.21
ITM003,Bujía,WHS02,2025-08-08,6.8
ITM004,Amortiguador,WHS01,2025-08-08,10.21
ITM004,Amortiguador,WHS02,2025-08-08,1.13
ITM005,Kit de embrague,WHS02,2025-08-08,1.13
ITM001,Filtro de aceite,WHS01,2025-08-11,5.67
ITM001,Filtro de aceite,WHS02,2025-08-11,7.94
ITM003,Bujía,WHS01,2025-08-11,6.8
ITM003,Bujía,WHS02,2025-08-11,3.4
ITM004,Amortiguador,WHS02,2025-08-11,6.8
ITM005,Kit de embrague,WHS01,2025-08-11,4.54
ITM005,Kit de embrague,WHS02,2025-08-11,7.94
ITM001,Filtro de aceite,WHS01,2025-08-12,4.54
ITM003,Bujía,WHS01,2025-08-12,3.4
ITM004,Amortiguador,WHS02,2025-08-12,5.67
ITM001,Filtro de aceite,WHS01,2025-08-13,4.54
ITM001,Filtro de aceite,WHS02,2025-08-13,9.07
ITM002,Pastilla de freno,WHS01,2025-08-13,6.8
ITM003,Bujía,WHS02,2025-08-13,1.13
ITM004,Amortiguador,WHS01,2025-08-13,6.8
ITM004,Amortiguador,WHS02,2025-08-13,1.13
ITM005,Kit de embrague,WHS02,2025-08-13,7.94
ITM001,Filtro de aceite,WHS01,2025-08-14,2.27
ITM001,Filtro de aceite,WHS02,2025-08-14,10.21
ITM002,Pastilla de freno,WHS01,2025-08-14,1.13
ITM002,Pastilla de freno,WHS02,2025-08-14,3.4
ITM003,Bujía,WHS01,2025-08-14,3.4
ITM003,Bujía,WHS02,2025-08-14,4.54
ITM004,Amortiguador,WHS01,2025-08-14,2.27
ITM004,Amortiguador,WHS02,2025-08-14,6.8
ITM005,Kit de embrague,WHS02,2025-08-14,7.94
ITM001,Filtro de aceite,WHS02,2025-08-15,4.54
ITM002,Pastilla de freno,WHS01,2025-08-15,6.8
ITM002,Pastilla de freno,WHS02,2025-08-15,5.67
ITM004,Amortiguador,WHS01,2025-08-15,1.13
ITM004,Amortiguador,WHS02,2025-08-15,6.8
ITM005,Kit de embrague,WHS01,2025-08-15,7.94
ITM005,Kit de embrague,WHS02,2025-08-15,7.94
ITM001,Filtro de aceite,WHS01,2025-08-18,5.67
ITM001,Filtro de aceite,WHS02,2025-08-18,2.27
ITM002,Pastilla de freno,WHS02,2025-08-18,5.67
ITM003,Bujía,WHS01,2025-08-18,3.4
ITM003,Bujía,WHS02,2025-08-18,1.13
ITM004,Amortiguador,WHS01,2025-08-18,3.4
ITM004,Amortiguador,WHS02,2025-08-18,1.13
ITM005,Kit de embrague,WHS01,2025-08-18,9.07
ITM005,Kit de embrague,WHS02,2025-08-18,2.27
ITM001,Filtro de aceite,WHS01,2025-08-19,3.4
ITM004,Amortiguador,WHS01,2025-08-19,6.8
ITM005,Kit de embrague,WHS01,2025-08-19,1.13
ITM005,Kit de embrague,WHS02,2025-08-19,3.4
ITM002,Pastilla de freno,WHS01,2025-08-20,7.94
ITM002,Pastilla de freno,WHS02,2025-08-20,9.07
ITM003,Bujía,WHS02,2025-08-20,3.4
ITM004,Amortiguador,WHS01,2025-08-20,7.94
ITM004,Amortiguador,WHS02,2025-08-20,4.54
ITM005,Kit de embrague,WHS02,2025-08-20,1.13
ITM001,Filtro de aceite,WHS02,2025-08-21,2.27
ITM002,Pastilla de freno,WHS02,2025-08-21,4.54
ITM003,Bujía,WHS01,2025-08-21,3.4
ITM003,Bujía,WHS02,2025-08-21,6.8
ITM004,Amortiguador,WHS01,2025-08-21,4.54
ITM005,Kit de embrague,WHS01,2025-08-21,2.27
ITM001,Filtro de aceite,WHS01,2025-08-22,3.4
ITM002,Pastilla de freno,WHS01,2025-08-22,5.67
ITM003,Bujía,WHS01,2025-08-22,1.13
ITM003,Bujía,WHS02,2025-08-22,4.54
ITM004,Amortiguador,WHS01,2025-08-22,9.07
ITM004,Amortiguador,WHS02,2025-08-22,5.67
ITM005,Kit de embrague,WHS01,2025-08-22,10.21
ITM001,Filtro de aceite,WHS01,2025-08-25,4.54
ITM001,Filtro de aceite,WHS02,2025-08-25,9.07
ITM002,Pastilla de freno,WHS01,2025-08-25,9.07
ITM002,Pastilla de freno,WHS02,2025-08-25,5.67
ITM003,Bujía,WHS01,2025-08-25,2.27
ITM005,Kit de embrague,WHS01,2025-08-25,2.27
ITM001,Filtro de aceite,WHS01,2025-08-26,7.94
ITM001,Filtro de aceite,WHS02,2025-08-26,2.27
ITM002,Pastilla de freno,WHS01,2025-08-26,2.27
ITM002,Pastilla de freno,WHS02,2025-08-26,3.4
ITM003,Bujía,WHS01,2025-08-26,2.27
ITM003,Bujía,WHS02,2025-08-26,9.07
ITM004,Amortiguador,WHS01,2025-08-26,3.4
ITM004,Amortiguador,WHS02,2025-08-26,4.54
ITM005,Kit de embrague,WHS02,2025-08-26,10.21
ITM001,Filtro de aceite,WHS01,2025-08-27,10.21
ITM002,Pastilla de freno,WHS01,2025-08-27,3.4
ITM002,Pastilla de freno,WHS02,2025-08-27,4.54
ITM003,Bujía,WHS02,2025-08-27,2.27
ITM004,Amortiguador,WHS01,2025-08-27,7.94
ITM004,Amortiguador,WHS02,2025-08-27,5.67
ITM005,Kit de embrague,WHS02,2025-08-27,6.8
ITM001,Filtro de aceite,WHS01,2025-08-28,6.8
ITM001,Filtro de aceite,WHS02,2025-08-28,2.27
ITM002,Pastilla de freno,WHS01,2025-08-28,4.54
ITM002,Pastilla de freno,WHS02,2025-08-28,2.27
ITM003,Bujía,WHS01,2025-08-28,3.4
ITM003,Bujía,WHS02,2025-08-28,2.27
ITM004,Amortiguador,WHS01,2025-08-28,3.4
ITM004,Amortiguador,WHS02,2025-08-28,2.27
ITM005,Kit de embrague,WHS02,2025-08-28,1.13
ITM001,Filtro de aceite,WHS01,2025-08-29,1.13
ITM002,Pastilla de freno,WHS01,2025-08-29,4.54
ITM002,Pastilla de freno,WHS02,2025-08-29,6.8
ITM003,Bujía,WHS01,2025-08-29,1.13
ITM005,Kit de embrague,WHS01,2025-08-29,5.67
ITM005,Kit de embrague,WHS02,2025-08-29,9.07
ITM001,Filtro de aceite,WHS02,2025-09-01,8.0
ITM003,Bujía,WHS01,2025-09-01,9.0
ITM003,Bujía,WHS02,2025-09-01,5.0
ITM004,Amortiguador,WHS01,2025-09-01,4.0
ITM005,Kit de embrague,WHS01,2025-09-01,9.0
ITM005,Kit de embrague,WHS02,2025-09-01,1.0
ITM002,Pastilla de freno,WHS01,2025-09-02,1.0
ITM003,Bujía,WHS01,2025-09-02,7.0
ITM003,Bujía,WHS02,2025-09-02,8.0
ITM004,Amortiguador,WHS01,2025-09-02,3.0
ITM005,Kit de embrague,WHS01,2025-09-02,3.0
ITM005,Kit de embrague,WHS02,2025-09-02,2.0
ITM001,Filtro de aceite,WHS02,2025-09-03,5.0
ITM002,Pastilla de freno,WHS02,2025-09-03,8.0
ITM003,Bujía,WHS01,2025-09-03,1.0
ITM003,Bujía,WHS02,2025-09-03,9.0
ITM004,Amortiguador,WHS01,2025-09-03,5.0
ITM004,Amortiguador,WHS02,2025-09-03,7.0
ITM005,Kit de embrague,WHS01,2025-09-03,5.0
ITM005,Kit de embrague,WHS02,2025-09-03,2.0
ITM001,Filtro de aceite,WHS01,2025-09-04,3.0
ITM001,Filtro de aceite,WHS02,2025-09-04,6.0
ITM002,Pastilla de freno,WHS01,2025-09-04,6.0
ITM002,Pastilla de freno,WHS02,2025-09-04,9.0
ITM003,Bujía,WHS02,2025-09-04,1.0
ITM004,Amortiguador,WHS01,2025-09-04,3.0
ITM004,Amortiguador,WHS02,2025-09-04,5.0
ITM005,Kit de embrague,WHS01,2025-09-04,7.0
ITM005,Kit de embrague,WHS02,2025-09-04,8.0
ITM001,Filtro de aceite,WHS01,2025-09-05,1.0
ITM001,Filtro de aceite,WHS02,2025-09-05,3.0
ITM002,Pastilla de freno,WHS01,2025-09-05,8.0
ITM003,Bujía,WHS02,2025-09-05,2.0
ITM004,Amortiguador,WHS01,2025-09-05,6.0
ITM004,Amortiguador,WHS02,2025-09-05,5.0
ITM005,Kit de embrague,WHS01,2025-09-05,7.0
ITM005,Kit de embrague,WHS02,2025-09-05,8.0
ITM002,Pastilla de freno,WHS01,2025-09-08,3.0
ITM002,Pastilla de freno,WHS02,2025-09-08,7.0
ITM003,Bujía,WHS01,2025-09-08,1.0
ITM004,Amortiguador,WHS01,2025-09-08,9.0
ITM004,Amortiguador,WHS02,2025-09-08,5.0
ITM005,Kit de embrague,WHS01,2025-09-08,3.0
ITM005,Kit de embrague,WHS02,2025-09-08,6.0
ITM001,Filtro de aceite,WHS01,2025-09-09,6.0
ITM001,Filtro de aceite,WHS02,2025-09-09,5.0
ITM002,Pastilla de freno,WHS01,2025-09-09,9.0
ITM002,Pastilla de freno,WHS02,2025-09-09,4.0
ITM003,Bujía,WHS01,2025-09-09,6.0
ITM003,Bujía,WHS02,2025-09-09,4.0
ITM004,Amortiguador,WHS01,2025-09-09,1.0
ITM005,Kit de embrague,WHS01,2025-09-09,3.0
ITM005,Kit de embrague,WHS02,2025-09-09,3.0
ITM001,Filtro de aceite,WHS02,2025-09-10,8.0
ITM002,Pastilla de freno,WHS02,2025-09-10,2.0
ITM003,Bujía,WHS02,2025-09-10,1.0
ITM004,Amortiguador,WHS01,2025-09-10,6.0
ITM004,Amortiguador,WHS02,2025-09-10,8.0
ITM005,Kit de embrague,WHS01,2025-09-10,7.0
ITM005,Kit de embrague,WHS02,2025-09-10,5.0
ITM001,Filtro de aceite,WHS01,2025-09-11,6.0
ITM001,Filtro de aceite,WHS02,2025-09-11,3.0
ITM002,Pastilla de freno,WHS01,2025-09-11,3.0
ITM002,Pastilla de freno,WHS02,2025-09-11,4.0
ITM003,Bujía,WHS01,2025-09-11,2.0
ITM003,Bujía,WHS02,2025-09-11,1.0
ITM004,Amortiguador,WHS01,2025-09-11,6.0
ITM004,Amortiguador,WHS02,2025-09-11,1.0
ITM005,Kit de embrague,WHS02,2025-09-11,5.0
ITM001,Filtro de aceite,WHS02,2025-09-12,6.0
ITM002,Pastilla de freno,WHS02,2025-09-12,2.0
ITM003,Bujía,WHS01,2025-09-12,1.0
ITM003,Bujía,WHS02,2025-09-12,5.0
ITM004,Amortiguador,WHS02,2025-09-12,2.0
ITM005,Kit de embrague,WHS01,2025-09-12,8.0
ITM001,Filtro de aceite,WHS01,2025-09-15,1.0
ITM001,Filtro de aceite,WHS02,2025-09-15,6.0
ITM002,Pastilla de freno,WHS01,2025-09-15,6.0
ITM002,Pastilla de freno,WHS02,2025-09-15,9.0
ITM003,Bujía,WHS01,2025-09-15,6.0
ITM003,Bujía,WHS02,2025-09-15,2.0
ITM004,Amortiguador,WHS01,2025-09-15,2.0
ITM004,Amortiguador,WHS02,2025-09-15,5.0
ITM001,Filtro de aceite,WHS02,2025-09-16,8.0
ITM002,Pastilla de freno,WHS01,2025-09-16,6.0
ITM004,Amortiguador,WHS01,2025-09-16,2.0
ITM004,Amortiguador,WHS02,2025-09-16,4.0
ITM005,Kit de embrague,WHS02,2025-09-16,9.0
ITM001,Filtro de aceite,WHS01,2025-09-17,4.0
ITM001,Filtro de aceite,WHS02,2025-09-17,9.0
ITM003,Bujía,WHS01,2025-09-17,2.0
ITM003,Bujía,WHS02,2025-09-17,4.0
ITM004,Amortiguador,WHS01,2025-09-17,9.0
ITM004,Amortiguador,WHS02,2025-09-17,5.0
ITM005,Kit de embrague,WHS01,2025-09-17,3.0
ITM005,Kit de embrague,WHS02,2025-09-17,7.0
ITM001,Filtro de aceite,WHS01,2025-09-18,4.0
ITM001,Filtro de aceite,WHS02,2025-09-18,6.0
ITM002,Pastilla de freno,WHS02,2025-09-18,7.0
ITM003,Bujía,WHS01,2025-09-18,2.0
ITM003,Bujía,WHS02,2025-09-18,5.0
ITM004,Amortiguador,WHS02,2025-09-18,7.0
ITM005,Kit de embrague,WHS02,2025-09-18,1.0
ITM001,Filtro de aceite,WHS01,2025-09-19,5.0
ITM001,Filtro de aceite,WHS02,2025-09-19,2.0
ITM002,Pastilla de freno,WHS02,2025-09-19,5.0
ITM003,Bujía,WHS01,2025-09-19,4.0
ITM003,Bujía,WHS02,2025-09-19,4.0
ITM004,Amortiguador,WHS01,2025-09-19,8.0
ITM004,Amortiguador,WHS02,2025-09-19,4.0
ITM001,Filtro de aceite,WHS01,2025-09-22,2.0
ITM001,Filtro de aceite,WHS02,2025-09-22,1.0
ITM002,Pastilla de freno,WHS02,2025-09-22,9.0
ITM003,Bujía,WHS01,2025-09-22,4.0
ITM003,Bujía,WHS02,2025-09-22,1.0
ITM004,Amortiguador,WHS01,2025-09-22,3.0
ITM005,Kit de embrague,WHS01,2025-09-22,9.0
ITM002,Pastilla de freno,WHS01,2025-09-23,1.0
ITM002,Pastilla de freno,WHS02,2025-09-23,3.0
ITM003,Bujía,WHS01,2025-09-23,6.0
ITM003,Bujía,WHS02,2025-09-23,6.0
ITM004,Amortiguador,WHS01,2025-09-23,9.0
ITM004,Amortiguador,WHS02,2025-09-23,1.0
ITM005,Kit de embrague,WHS01,2025-09-23,2.0
ITM005,Kit de embrague,WHS02,2025-09-23,9.0
ITM001,Filtro de aceite,WHS02,2025-09-24,8.0
ITM002,Pastilla de freno,WHS01,2025-09-24,2.0
ITM002,Pastilla de freno,WHS02,2025-09-24,9.0
ITM003,Bujía,WHS01,2025-09-24,5.0
ITM004,Amortiguador,WHS01,2025-09-24,2.0
ITM005,Kit de embrague,WHS01,2025-09-24,4.0
ITM005,Kit de embrague,WHS02,2025-09-24,6.0
ITM002,Pastilla de freno,WHS02,2025-09-25,5.0
ITM003,Bujía,WHS01,2025-09-25,7.0
ITM003,Bujía,WHS02,2025-09-25,7.0
ITM004,Amortiguador,WHS01,2025-09-25,1.0
ITM005,Kit de embrague,WHS01,2025-09-25,6.0
ITM001,Filtro de aceite,WHS01,2025-09-26,4.0
ITM002,Pastilla de freno,WHS01,2025-09-26,8.0
ITM003,Bujía,WHS01,2025-09-26,3.0
ITM003,Bujía,WHS02,2025-09-26,5.0
ITM004,Amortiguador,WHS01,2025-09-26,4.0
ITM005,Kit de embrague,WHS01,2025-09-26,1.0
ITM005,Kit de embrague,WHS02,2025-09-26,1.0
ITM001,Filtro de aceite,WHS01,2025-09-29,6.0
ITM002,Pastilla de freno,WHS01,2025-09-29,7.0
ITM002,Pastilla de freno,WHS02,2025-09-29,9.0
ITM004,Amortiguador,WHS01,2025-09-29,3.0
ITM004,Amortiguador,WHS02,2025-09-29,7.0
ITM005,Kit de embrague,WHS01,2025-09-29,1.0
ITM001,Filtro de aceite,WHS01,2025-09-30,7.0
ITM001,Filtro de aceite,WHS02,2025-09-30,4.0
ITM002,Pastilla de freno,WHS01,2025-09-30,1.0
ITM002,Pastilla de freno,WHS02,2025-09-30,3.0
ITM003,Bujía,WHS01,2025-09-30,9.0
ITM005,Kit de embrague,WHS01,2025-09-30,4.0
ITM005,Kit de embrague,WHS02,2025-09-30,9.0
ITM001,Filtro de aceite,WHS01,2025-10-01,9.07
ITM003,Bujía,WHS01,2025-10-01,6.8
ITM003,Bujía,WHS02,2025-10-01,7.94
ITM004,Amortiguador,WHS01,2025-10-01,6.8
ITM004,Amortiguador,WHS02,2025-10-01,2.27
ITM005,Kit de embrague,WHS01,2025-10-01,4.54
ITM005,Kit de embrague,WHS02,2025-10-01,7.94
ITM001,Filtro de aceite,WHS01,2025-10-02,7.94
ITM001,Filtro de aceite,WHS02,2025-10-02,2.27
ITM002,Pastilla de freno,WHS01,2025-10-02,4.54
ITM002,Pastilla de freno,WHS02,2025-10-02,6.8
ITM003,Bujía,WHS01,2025-10-02,4.54
ITM003,Bujía,WHS02,2025-10-02,6.8
ITM004,Amortiguador,WHS01,2025-10-02,7.94
ITM004,Amortiguador,WHS02,2025-10-02,2.27
ITM005,Kit de embrague,WHS01,2025-10-02,2.27
ITM005,Kit de embrague,WHS02,2025-10-02,4.54
ITM001,Filtro de aceite,WHS02,2025-10-03,2.27
ITM003,Bujía,WHS02,2025-10-03,9.07
ITM004,Amortiguador,WHS01,2025-10-03,10.21
ITM004,Amortiguador,WHS02,2025-10-03,10.21
ITM001,Filtro de aceite,WHS01,2025-10-06,10.21
ITM001,Filtro de aceite,WHS02,2025-10-06,4.54
ITM002,Pastilla de freno,WHS01,2025-10-06,2.27
ITM002,Pastilla de freno,WHS02,2025-10-06,3.4
ITM003,Bujía,WHS01,2025-10-06,1.13
ITM003,Bujía,WHS02,2025-10-06,5.67
ITM004,Amortiguador,WHS02,2025-10-06,10.21
ITM005,Kit de embrague,WHS01,2025-10-06,3.4
ITM001,Filtro de aceite,WHS01,2025-10-07,3.4
ITM001,Filtro de aceite,WHS02,2025-10-07,4.54
ITM002,Pastilla de freno,WHS01,2025-10-07,3.4
ITM002,Pastilla de freno,WHS02,2025-10-07,2.27
ITM003,Bujía,WHS01,2025-10-07,10.21
ITM005,Kit de embrague,WHS01,2025-10-07,5.67
ITM001,Filtro de aceite,WHS01,2025-10-08,9.07
ITM002,Pastilla de freno,WHS01,2025-10-08,10.21
ITM003,Bujía,WHS01,2025-10-08,10.21
ITM003,Bujía,WHS02,2025-10-08,7.94
ITM005,Kit de embrague,WHS01,2025-10-08,2.27
ITM005,Kit de embrague,WHS02,2025-10-08,10.21
ITM001,Filtro de aceite,WHS01,2025-10-09,4.54
ITM001,Filtro de aceite,WHS02,2025-10-09,3.4
ITM002,Pastilla de freno,WHS02,2025-10-09,1.13
ITM003,Bujía,WHS01,2025-10-09,6.8
ITM003,Bujía,WHS02,2025-10-09,10.21
ITM004,Amortiguador,WHS01,2025-10-09,10.21
ITM004,Amortiguador,WHS02,2025-10-09,10.21
ITM005,Kit de embrague,WHS01,2025-10-09,7.94
ITM005,Kit de embrague,WHS02,2025-10-09,4.54
ITM001,Filtro de aceite,WHS01,2025-10-10,4.54
ITM002,Pastilla de freno,WHS01,2025-10-10,1.13
ITM002,Pastilla de freno,WHS02,2025-10-10,6.8
ITM003,Bujía,WHS01,2025-10-10,7.94
ITM003,Bujía,WHS02,2025-10-10,2.27
ITM004,Amortiguador,WHS01,2025-10-10,10.21
ITM004,Amortiguador,WHS02,2025-10-10,4.54
ITM005,Kit de embrague,WHS01,2025-10-10,4.54
ITM005,Kit de embrague,WHS02,2025-10-10,7.94
ITM001,Filtro de aceite,WHS01,2025-10-13,5.67
ITM001,Filtro de aceite,WHS02,2025-10-13,10.21
ITM002,Pastilla de freno,WHS01,2025-10-13,6.8
ITM004,Amortiguador,WHS01,2025-10-13,4.54
ITM004,Amortiguador,WHS02,2025-10-13,3.4
ITM005,Kit de embrague,WHS01,2025-10-13,7.94
ITM005,Kit de embrague,WHS02,2025-10-13,5.67
ITM001,Filtro de aceite,WHS01,2025-10-14,6.8
ITM001,Filtro de aceite,WHS02,2025-10-14,5.67
ITM002,Pastilla de freno,WHS02,2025-10-14,5.67
ITM003,Bujía,WHS02,2025-10-14,4.54
ITM004,Amortiguador,WHS01,2025-10-14,2.27
ITM004,Amortiguador,WHS02,2025-10-14,3.4
ITM005,Kit de embrague,WHS01,2025-10-14,2.27
ITM005,Kit de embrague,WHS02,2025-10-14,1.13
ITM001,Filtro de aceite,WHS02,2025-10-15,9.07
ITM002,Pastilla de freno,WHS01,2025-10-15,2.27
ITM002,Pastilla de freno,WHS02,2025-10-15,10.21
ITM003,Bujía,WHS01,2025-10-15,3.4
ITM003,Bujía,WHS02,2025-10-15,10.21
ITM004,Amortiguador,WHS01,2025-10-15,2.27
ITM004,Amortiguador,WHS02,2025-10-15,1.13
ITM005,Kit de embrague,WHS01,2025-10-15,4.54
ITM001,Filtro de aceite,WHS02,2025-10-16,1.13
ITM002,Pastilla de freno,WHS01,2025-10-16,4.54
ITM003,Bujía,WHS01,2025-10-16,1.13
ITM005,Kit de embrague,WHS02,2025-10-16,4.54
ITM001,Filtro de aceite,WHS01,2025-10-17,6.8
ITM001,Filtro de aceite,WHS02,2025-10-17,1.13
ITM002,Pastilla de freno,WHS01,2025-10-17,5.67
ITM003,Bujía,WHS01,2025-10-17,5.67
ITM003,Bujía,WHS02,2025-10-17,9.07
ITM004,Amortiguador,WHS01,2025-10-17,2.27
ITM005,Kit de embrague,WHS01,2025-10-17,3.4
ITM005,Kit de embrague,WHS02,2025-10-17,7.94
ITM001,Filtro de aceite,WHS01,2025-10-20,10.21
ITM002,Pastilla de freno,WHS01,2025-10-20,9.07
ITM003,Bujía,WHS02,2025-10-20,6.8
ITM005,Kit de embrague,WHS02,2025-10-20,5.67
ITM001,Filtro de aceite,WHS01,2025-10-21,5.67
ITM001,Filtro de aceite,WHS02,2025-10-21,1.13
ITM002,Pastilla de freno,WHS01,2025-10-21,9.07
ITM002,Pastilla de freno,WHS02,2025-10-21,9.07
ITM003,Bujía,WHS01,2025-10-21,6.8
ITM003,Bujía,WHS02,2025-10-21,3.4
ITM004,Amortiguador,WHS01,2025-10-21,5.67
ITM004,Amortiguador,WHS02,2025-10-21,9.07
ITM005,Kit de embrague,WHS01,2025-10-21,7.94
ITM005,Kit de embrague,WHS02,2025-10-21,10.21
ITM001,Filtro de aceite,WHS01,2025-10-22,5.67
ITM001,Filtro de aceite,WHS02,2025-10-22,2.27
ITM002,Pastilla de freno,WHS01,2025-10-22,4.54
ITM002,Pastilla de freno,WHS02,2025-10-22,6.8
ITM003,Bujía,WHS01,2025-10-22,5.67
ITM003,Bujía,WHS02,2025-10-22,4.54
ITM004,Amortiguador,WHS02,2025-10-22,3.4
ITM001,Filtro de aceite,WHS02,2025-10-23,4.54
ITM002,Pastilla de freno,WHS01,2025-10-23,2.27
ITM002,Pastilla de freno,WHS02,2025-10-23,1.13
ITM003,Bujía,WHS01,2025-10-23,4.54
ITM004,Amortiguador,WHS01,2025-10-23,2.27
ITM004,Amortiguador,WHS02,2025-10-23,1.13
ITM005,Kit de embrague,WHS01,2025-10-23,7.94
ITM005,Kit de embrague,WHS02,2025-10-23,10.21
ITM001,Filtro de aceite,WHS01,2025-10-24,10.21
ITM001,Filtro de aceite,WHS02,2025-10-24,10.21
ITM003,Bujía,WHS01,2025-10-24,2.27
ITM003,Bujía,WHS02,2025-10-24,9.07
ITM001,Filtro de aceite,WHS01,2025-10-27,5.67
ITM001,Filtro de aceite,WHS02,2025-10-27,10.21
ITM002,Pastilla de freno,WHS01,2025-10-27,10.21
ITM002,Pastilla de freno,WHS02,2025-10-27,1.13
ITM003,Bujía,WHS01,2025-10-27,7.94
ITM003,Bujía,WHS02,2025-10-27,1.13
ITM004,Amortiguador,WHS02,2025-10-27,5.67
ITM005,Kit de embrague,WHS02,2025-10-27,4.54
ITM001,Filtro de aceite,WHS01,2025-10-28,3.4
ITM001,Filtro de aceite,WHS02,2025-10-28,9.07
ITM002,Pastilla de freno,WHS01,2025-10-28,1.13
ITM002,Pastilla de freno,WHS02,2025-10-28,2.27
ITM003,Bujía,WHS01,2025-10-28,2.27
ITM003,Bujía,WHS02,2025-10-28,10.21
ITM004,Amortiguador,WHS01,2025-10-28,9.07
ITM005,Kit de embrague,WHS01,2025-10-28,5.67
ITM005,Kit de embrague,WHS02,2025-10-28,2.27
ITM001,Filtro de aceite,WHS01,2025-10-29,6.8
ITM001,Filtro de aceite,WHS02,2025-10-29,1.13
ITM002,Pastilla de freno,WHS01,2025-10-29,10.21
ITM003,Bujía,WHS01,2025-10-29,10.21
ITM005,Kit de embrague,WHS01,2025-10-29,2.27
ITM005,Kit de embrague,WHS02,2025-10-29,7.94
ITM001,Filtro de aceite,WHS02,2025-10-30,1.13
ITM002,Pastilla de freno,WHS01,2025-10-30,10.21
ITM002,Pastilla de freno,WHS02,2025-10-30,1.13
ITM003,Bujía,WHS02,2025-10-30,7.94
ITM004,Amortiguador,WHS01,2025-10-30,6.8
ITM004,Amortiguador,WHS02,2025-10-30,2.27
ITM005,Kit de embrague,WHS01,2025-10-30,6.8
ITM005,Kit de embrague,WHS02,2025-10-30,9.07
ITM001,Filtro de aceite,WHS02,2025-10-31,9.07
ITM002,Pastilla de freno,WHS01,2025-10-31,4.54
ITM002,Pastilla de freno,WHS02,2025-10-31,9.07
ITM003,Bujía,WHS01,2025-10-31,9.07
ITM003,Bujía,WHS02,2025-10-31,10.21
ITM004,Amortiguador,WHS01,2025-10-31,6.8
ITM004,Amortiguador,WHS02,2025-10-31,2.27
ITM005,Kit de embrague,WHS01,2025-10-31,1.13
ITM005,Kit de embrague,WHS02,2025-10-31,4.54
ITM002,Pastilla de freno,WHS01,2025-11-03,3.0
ITM003,Bujía,WHS01,2025-11-03,7.5
ITM004,Amortiguador,WHS01,2025-11-03,12.0
ITM005,Kit de embrague,WHS01,2025-11-03,13.5
ITM001,Filtro de aceite,WHS01,2025-11-04,9.0
ITM003,Bujía,WHS01,2025-11-04,12.0
ITM004,Amortiguador,WHS01,2025-11-04,12.0
ITM004,Amortiguador,WHS02,2025-11-04,12.0
ITM005,Kit de embrague,WHS01,2025-11-04,3.0
ITM005,Kit de embrague,WHS02,2025-11-04,12.0
ITM001,Filtro de aceite,WHS01,2025-11-05,10.5
ITM001,Filtro de aceite,WHS02,2025-11-05,13.5
ITM002,Pastilla de freno,WHS02,2025-11-05,13.5
ITM003,Bujía,WHS02,2025-11-05,1.5
ITM005,Kit de embrague,WHS02,2025-11-05,6.0
ITM001,Filtro de aceite,WHS01,2025-11-06,4.5
ITM001,Filtro de aceite,WHS02,2025-11-06,6.0
ITM003,Bujía,WHS02,2025-11-06,9.0
ITM005,Kit de embrague,WHS01,2025-11-06,13.5
ITM005,Kit de embrague,WHS02,2025-11-06,10.5
ITM001,Filtro de aceite,WHS01,2025-11-07,4.5
ITM002,Pastilla de freno,WHS01,2025-11-07,1.5
ITM002,Pastilla de freno,WHS02,2025-11-07,4.5
ITM003,Bujía,WHS01,2025-11-07,13.5
ITM004,Amortiguador,WHS01,2025-11-07,13.5
ITM004,Amortiguador,WHS02,2025-11-07,9.0
ITM005,Kit de embrague,WHS01,2025-11-07,1.5
ITM005,Kit de embrague,WHS02,2025-11-07,1.5
ITM001,Filtro de aceite,WHS01,2025-11-10,10.5
ITM001,Filtro de aceite,WHS02,2025-11-10,7.5
ITM002,Pastilla de freno,WHS01,2025-11-10,3.0
ITM003,Bujía,WHS01,2025-11-10,13.5
ITM003,Bujía,WHS02,2025-11-10,13.5
ITM004,Amortiguador,WHS01,2025-11-10,7.5
ITM004,Amortiguador,WHS02,2025-11-10,1.5
ITM005,Kit de embrague,WHS02,2025-11-10,3.0
ITM001,Filtro de aceite,WHS01,2025-11-11,12.0
ITM001,Filtro de aceite,WHS02,2025-11-11,10.5
ITM002,Pastilla de freno,WHS02,2025-11-11,1.5
ITM003,Bujía,WHS01,2025-11-11,10.5
ITM003,Bujía,WHS02,2025-11-11,12.0
ITM004,Amortiguador,WHS02,2025-11-11,1.5
ITM001,Filtro de aceite,WHS01,2025-11-12,12.0
ITM001,Filtro de aceite,WHS02,2025-11-12,9.0
ITM002,Pastilla de freno,WHS01,2025-11-12,9.0
ITM003,Bujía,WHS01,2025-11-12,13.5
ITM004,Amortiguador,WHS01,2025-11-12,12.0
ITM004,Amortiguador,WHS02,2025-11-12,10.5
ITM005,Kit de embrague,WHS01,2025-11-12,9.0
ITM005,Kit de embrague,WHS02,2025-11-12,12.0
ITM001,Filtro de aceite,WHS01,2025-11-13,12.0
ITM001,Filtro de aceite,WHS02,2025-11-13,4.5
ITM002,Pastilla de freno,WHS01,2025-11-13,3.0
ITM003,Bujía,WHS01,2025-11-13,12.0
ITM003,Bujía,WHS02,2025-11-13,3.0
ITM004,Amortiguador,WHS02,2025-11-13,1.5
ITM005,Kit de embrague,WHS01,2025-11-13,13.5
ITM001,Filtro de aceite,WHS01,2025-11-14,12.0
ITM001,Filtro de aceite,WHS02,2025-11-14,1.5
ITM002,Pastilla de freno,WHS02,2025-11-14,1.5
ITM003,Bujía,WHS01,2025-11-14,9.0
ITM004,Amortiguador,WHS01,2025-11-14,10.5
ITM004,Amortiguador,WHS02,2025-11-14,13.5
ITM005,Kit de embrague,WHS01,2025-11-14,13.5
ITM005,Kit de embrague,WHS02,2025-11-14,3.0
ITM001,Filtro de aceite,WHS01,2025-11-17,9.0
ITM001,Filtro de aceite,WHS02,2025-11-17,3.0
ITM002,Pastilla de freno,WHS01,2025-11-17,9.0
ITM002,Pastilla de freno,WHS02,2025-11-17,12.0
ITM004,Amortiguador,WHS01,2025-11-17,10.5
ITM004,Amortiguador,WHS02,2025-11-17,1.5
ITM005,Kit de embrague,WHS01,2025-11-17,4.5
